g,Date,HomeTeam,AwayTeam,Hg,Ag,HFT,H2PT,H3PT,HT,AFT,A2PT,A3PT,AT,HomeWin
1,28/10/2008,Chicago Bulls,Milwaukee Bucks,4,16,33,30,5,108,15,31,6,95,1
2,28/10/2008,Boston Celtics,Cleveland Cavaliers,2,5,21,30,3,90,24,26,3,85,1
3,28/10/2008,Los Angeles Lakers,Portland Trail Blazers,13,25,15,30,7,96,8,19,10,76,1
4,29/10/2008,Orlando Magic,Atlanta Hawks,22,1,17,28,4,85,18,33,5,99,0
5,29/10/2008,San Antonio Spurs,Phoenix Suns,27,24,13,35,5,98,19,33,6,103,0
6,29/10/2008,Detroit Pistons,Indiana Pacers,8,11,14,34,6,100,24,29,4,94,1
7,29/10/2008,Washington Wizards,New Jersey Nets,30,18,20,25,5,85,15,31,6,95,0
8,29/10/2008,Los Angeles Clippers,Los Angeles Lakers,12,13,14,25,5,79,25,31,10,117,0
9,29/10/2008,Philadelphia 76ers,Toronto Raptors,23,28,21,24,5,84,13,26,10,95,0
10,29/10/2008,Golden State Warriors,New Orleans Hornets,9,19,22,27,9,103,19,34,7,108,0
11,29/10/2008,Oklahoma City Thunder,Milwaukee Bucks,21,16,22,31,1,87,21,28,7,98,0
12,29/10/2008,Minnesota Timberwolves,Sacramento Kings,17,26,11,39,3,98,19,31,5,96,1
13,29/10/2008,Utah Jazz,Denver Nuggets,29,7,22,35,2,98,18,32,4,94,1
14,29/10/2008,Houston Rockets,Memphis Grizzlies,10,14,21,23,5,82,9,31,0,71,1
15,29/10/2008,New York Knicks,Miami Heat,20,15,27,33,9,120,25,36,6,115,1
16,30/10/2008,Cleveland Cavaliers,Charlotte Bobcats,5,3,19,28,7,96,26,22,3,79,1
17,30/10/2008,Dallas Mavericks,Houston Rockets,6,10,28,31,4,102,29,31,7,112,0
18,30/10/2008,Phoenix Suns,New Orleans Hornets,24,19,14,30,7,95,21,24,13,108,0
19,31/10/2008,Boston Celtics,Chicago Bulls,2,4,30,30,2,96,28,23,2,80,1
20,31/10/2008,Toronto Raptors,Golden State Warriors,28,9,26,34,6,112,13,31,11,108,1
21,31/10/2008,Los Angeles Clippers,Denver Nuggets,12,7,26,34,3,103,34,35,3,113,0
22,31/10/2008,Memphis Grizzlies,Orlando Magic,14,22,24,28,2,86,16,19,10,84,1
23,31/10/2008,Philadelphia 76ers,New York Knicks,23,20,10,50,2,116,16,25,7,87,1
24,31/10/2008,Miami Heat,Sacramento Kings,15,26,19,30,8,103,17,27,2,77,1
25,31/10/2008,Portland Trail Blazers,San Antonio Spurs,25,27,18,32,6,100,14,29,9,99,1
26,01/11/2008,Orlando Magic,Sacramento Kings,22,26,25,36,8,121,20,34,5,103,1
27,01/11/2008,Denver Nuggets,Los Angeles Lakers,7,13,21,26,8,97,32,27,6,104,0
28,01/11/2008,Chicago Bulls,Memphis Grizzlies,4,14,24,24,8,96,19,29,3,86,1
29,01/11/2008,Utah Jazz,Los Angeles Clippers,29,12,13,41,2,101,18,26,3,79,1
30,01/11/2008,Atlanta Hawks,Philadelphia 76ers,1,23,9,31,8,95,12,29,6,88,1
31,01/11/2008,Houston Rockets,Oklahoma City Thunder,10,21,27,22,6,89,9,34,0,77,1
32,01/11/2008,New Orleans Hornets,Cleveland Cavaliers,19,5,25,29,7,104,11,27,9,92,1
33,01/11/2008,Minnesota Timberwolves,Dallas Mavericks,17,6,22,30,1,85,16,32,5,95,0
34,01/11/2008,Indiana Pacers,Boston Celtics,11,2,23,27,6,95,21,23,4,79,1
35,01/11/2008,Charlotte Bobcats,Miami Heat,3,15,21,32,5,100,18,27,5,87,1
36,01/11/2008,Milwaukee Bucks,Toronto Raptors,16,28,12,33,3,87,23,22,8,91,0
37,01/11/2008,New Jersey Nets,Golden State Warriors,18,9,21,29,6,97,34,25,7,105,0
38,01/11/2008,Detroit Pistons,Washington Wizards,8,30,27,36,6,117,23,37,4,109,1
39,01/11/2008,Phoenix Suns,Portland Trail Blazers,24,25,25,32,6,107,13,28,9,96,1
40,02/11/2008,Oklahoma City Thunder,Minnesota Timberwolves,21,17,13,36,1,88,16,30,3,85,1
41,02/11/2008,New York Knicks,Milwaukee Bucks,20,16,14,18,12,86,18,32,4,94,0
42,03/11/2008,Orlando Magic,Chicago Bulls,22,4,21,24,9,96,12,33,5,93,1
43,03/11/2008,Los Angeles Clippers,Utah Jazz,12,29,9,23,6,73,25,32,0,89,0
44,03/11/2008,Philadelphia 76ers,Sacramento Kings,23,26,25,35,10,125,15,32,4,91,1
45,03/11/2008,Charlotte Bobcats,Detroit Pistons,3,8,28,23,3,83,9,34,8,101,0
46,03/11/2008,Dallas Mavericks,Cleveland Cavaliers,6,5,20,26,3,81,25,30,5,100,0
47,03/11/2008,Memphis Grizzlies,Golden State Warriors,14,9,14,32,4,90,10,30,3,79,1
48,04/11/2008,San Antonio Spurs,Dallas Mavericks,27,6,14,23,7,81,5,36,7,98,0
49,04/11/2008,Houston Rockets,Boston Celtics,10,2,24,27,7,99,20,37,3,103,0
50,04/11/2008,New Jersey Nets,Phoenix Suns,18,24,23,21,7,86,16,31,12,114,0
51,05/11/2008,Miami Heat,Philadelphia 76ers,15,23,22,33,6,106,24,22,5,83,1
52,05/11/2008,Cleveland Cavaliers,Chicago Bulls,5,4,28,32,5,107,23,23,8,93,1
53,05/11/2008,Los Angeles Lakers,Los Angeles Clippers,13,12,32,25,8,106,10,27,8,88,1
54,05/11/2008,Milwaukee Bucks,Washington Wizards,16,30,17,40,5,112,34,32,2,104,1
55,05/11/2008,Golden State Warriors,Denver Nuggets,9,7,25,40,2,111,21,37,2,101,1
56,05/11/2008,Indiana Pacers,Phoenix Suns,11,24,20,28,9,103,22,38,5,113,0
57,05/11/2008,Utah Jazz,Portland Trail Blazers,29,25,21,35,4,103,22,22,10,96,1
58,05/11/2008,Oklahoma City Thunder,Boston Celtics,21,2,15,25,6,83,17,29,7,96,0
59,05/11/2008,New York Knicks,Charlotte Bobcats,20,3,13,26,12,101,11,36,5,98,1
60,05/11/2008,New Orleans Hornets,Atlanta Hawks,19,1,12,23,7,79,7,22,12,87,0
61,05/11/2008,Minnesota Timberwolves,San Antonio Spurs,17,27,23,39,8,125,23,44,6,129,0
62,05/11/2008,Toronto Raptors,Detroit Pistons,28,8,19,28,6,93,19,36,3,100,0
63,05/11/2008,Sacramento Kings,Memphis Grizzlies,26,14,16,33,6,100,22,20,11,95,1
64,06/11/2008,Orlando Magic,Philadelphia 76ers,22,23,15,28,9,98,11,31,5,88,1
65,06/11/2008,Portland Trail Blazers,Houston Rockets,25,10,13,35,6,101,19,31,6,99,1
66,07/11/2008,Boston Celtics,Milwaukee Bucks,2,16,21,34,4,101,21,25,6,89,1
67,07/11/2008,Chicago Bulls,Phoenix Suns,4,24,14,34,6,100,23,24,4,83,1
68,07/11/2008,Denver Nuggets,Dallas Mavericks,7,6,37,31,3,108,14,26,13,105,1
69,07/11/2008,Cleveland Cavaliers,Indiana Pacers,5,11,24,33,7,111,11,33,10,107,1
70,07/11/2008,Utah Jazz,Oklahoma City Thunder,29,21,26,30,6,104,22,30,5,97,1
71,07/11/2008,New Jersey Nets,Detroit Pistons,18,8,30,32,3,103,30,18,10,96,1
72,07/11/2008,Los Angeles Clippers,Houston Rockets,12,10,8,33,3,83,18,28,6,92,0
73,07/11/2008,Atlanta Hawks,Toronto Raptors,1,28,10,32,12,110,18,31,4,92,1
74,07/11/2008,Golden State Warriors,Memphis Grizzlies,9,14,30,34,2,104,22,36,5,109,0
75,07/11/2008,San Antonio Spurs,Miami Heat,27,15,8,21,11,83,20,29,7,99,0
76,07/11/2008,Washington Wizards,New York Knicks,30,20,11,41,5,108,9,33,13,114,0
77,07/11/2008,Charlotte Bobcats,New Orleans Hornets,3,19,29,21,7,92,14,21,11,89,1
78,07/11/2008,Sacramento Kings,Minnesota Timberwolves,26,17,22,39,7,121,29,28,8,109,1
79,08/11/2008,Orlando Magic,Washington Wizards,22,30,20,31,8,106,13,25,6,81,1
80,08/11/2008,Chicago Bulls,Cleveland Cavaliers,4,5,20,31,5,97,24,32,6,106,0
81,08/11/2008,Milwaukee Bucks,Phoenix Suns,16,24,17,32,5,96,44,21,6,104,0
82,08/11/2008,New Orleans Hornets,Miami Heat,19,15,22,24,10,100,19,23,8,89,1
83,08/11/2008,Portland Trail Blazers,Minnesota Timberwolves,25,17,22,27,7,97,18,30,5,93,1
84,08/11/2008,Indiana Pacers,New Jersey Nets,11,18,15,25,11,98,16,23,6,80,1
85,09/11/2008,Los Angeles Lakers,Houston Rockets,13,10,18,33,9,111,13,24,7,82,1
86,09/11/2008,Denver Nuggets,Memphis Grizzlies,7,14,30,29,4,100,31,22,5,90,1
87,09/11/2008,Oklahoma City Thunder,Atlanta Hawks,21,1,15,32,2,85,24,22,7,89,0
88,09/11/2008,Los Angeles Clippers,Dallas Mavericks,12,6,18,29,9,103,17,33,3,92,1
89,09/11/2008,New York Knicks,Utah Jazz,20,29,24,25,11,107,14,35,5,99,1
90,09/11/2008,Sacramento Kings,Golden State Warriors,26,9,26,37,5,115,17,36,3,98,1
91,09/11/2008,Charlotte Bobcats,Toronto Raptors,3,28,14,25,5,79,15,31,4,89,0
92,09/11/2008,Detroit Pistons,Boston Celtics,8,2,19,21,5,76,18,29,4,88,0
93,10/11/2008,Boston Celtics,Toronto Raptors,2,28,24,26,6,94,13,25,8,87,1
94,10/11/2008,Orlando Magic,Portland Trail Blazers,22,25,28,25,7,99,27,26,9,106,0
95,10/11/2008,Miami Heat,New Jersey Nets,15,18,26,20,11,99,15,20,13,94,1
96,10/11/2008,Indiana Pacers,Oklahoma City Thunder,11,21,21,37,4,107,22,31,5,99,1
97,10/11/2008,Phoenix Suns,Memphis Grizzlies,24,14,25,29,8,107,22,34,4,102,1
98,11/11/2008,Chicago Bulls,Atlanta Hawks,4,1,18,36,6,108,28,32,7,113,0
99,11/11/2008,Cleveland Cavaliers,Milwaukee Bucks,5,16,26,32,3,99,26,23,7,93,1
100,11/11/2008,Charlotte Bobcats,Denver Nuggets,3,7,11,24,7,80,20,28,4,88,0
101,11/11/2008,Golden State Warriors,Minnesota Timberwolves,9,17,29,30,8,113,11,42,5,110,1
102,11/11/2008,Sacramento Kings,Detroit Pistons,26,8,10,35,4,92,30,26,6,100,0
103,11/11/2008,Philadelphia 76ers,Utah Jazz,23,29,20,27,2,80,13,34,4,93,0
104,11/11/2008,San Antonio Spurs,New York Knicks,27,20,12,28,8,92,11,21,9,80,1
105,11/11/2008,Dallas Mavericks,Los Angeles Lakers,6,13,21,30,6,99,20,40,2,106,0
106,12/11/2008,Boston Celtics,Atlanta Hawks,2,1,34,27,5,103,27,18,13,102,1
107,12/11/2008,Miami Heat,Portland Trail Blazers,15,25,19,25,9,96,23,30,7,104,0
108,12/11/2008,Memphis Grizzlies,New York Knicks,14,20,18,35,5,103,9,33,19,132,0
109,12/11/2008,Phoenix Suns,Houston Rockets,24,10,15,29,3,82,10,33,6,94,0
110,12/11/2008,Washington Wizards,Utah Jazz,30,29,32,24,5,95,14,26,7,87,1
111,12/11/2008,Oklahoma City Thunder,Orlando Magic,21,22,21,31,3,92,20,34,7,109,0
112,12/11/2008,New Jersey Nets,Indiana Pacers,18,11,11,26,8,87,22,29,6,98,0
113,12/11/2008,New Orleans Hornets,Los Angeles Lakers,19,13,13,29,5,86,23,26,6,93,0
114,12/11/2008,Milwaukee Bucks,San Antonio Spurs,16,27,18,29,2,82,7,25,7,78,1
115,12/11/2008,Toronto Raptors,Philadelphia 76ers,28,23,23,29,5,96,14,37,6,106,0
116,12/11/2008,Los Angeles Clippers,Sacramento Kings,12,26,20,24,10,98,14,37,5,103,0
117,13/11/2008,Chicago Bulls,Dallas Mavericks,4,6,25,32,3,98,23,28,4,91,1
118,13/11/2008,Cleveland Cavaliers,Denver Nuggets,5,7,10,41,6,110,21,27,8,99,1
119,13/11/2008,Golden State Warriors,Detroit Pistons,9,8,27,36,1,102,23,33,6,107,0
120,14/11/2008,Boston Celtics,Denver Nuggets,2,7,17,19,10,85,11,34,5,94,0
121,14/11/2008,Miami Heat,Washington Wizards,15,30,10,33,7,97,10,26,5,77,1
122,14/11/2008,Los Angeles Lakers,Detroit Pistons,13,8,11,36,4,95,29,28,7,106,0
123,14/11/2008,Dallas Mavericks,Orlando Magic,6,22,19,33,5,100,27,24,9,102,0
124,14/11/2008,New Jersey Nets,Atlanta Hawks,18,1,32,31,7,115,17,23,15,108,1
125,14/11/2008,New Orleans Hornets,Portland Trail Blazers,19,25,20,23,7,87,15,23,7,82,1
126,14/11/2008,Memphis Grizzlies,Milwaukee Bucks,14,16,23,29,5,96,28,32,3,101,0
127,14/11/2008,Indiana Pacers,Philadelphia 76ers,11,23,10,29,8,92,22,33,2,94,0
128,14/11/2008,Sacramento Kings,Phoenix Suns,26,24,23,30,4,95,20,31,5,97,0
129,14/11/2008,Charlotte Bobcats,Utah Jazz,3,29,31,29,5,104,19,31,5,96,1
130,14/11/2008,San Antonio Spurs,Houston Rockets,27,10,10,23,7,77,9,24,6,75,1
131,14/11/2008,New York Knicks,Oklahoma City Thunder,20,21,29,33,7,116,17,43,1,106,1
132,15/11/2008,Chicago Bulls,Indiana Pacers,4,11,25,32,5,104,17,31,4,91,1
133,15/11/2008,Cleveland Cavaliers,Utah Jazz,5,29,22,25,11,105,19,25,8,93,1
134,15/11/2008,Philadelphia 76ers,Oklahoma City Thunder,23,21,14,39,6,110,15,32,2,85,1
135,15/11/2008,Los Angeles Clippers,Golden State Warriors,12,9,25,30,6,103,18,41,7,121,0
136,15/11/2008,Minnesota Timberwolves,Portland Trail Blazers,17,25,13,32,2,83,13,24,9,88,0
137,15/11/2008,Milwaukee Bucks,Boston Celtics,16,2,30,26,5,97,32,23,8,102,0
138,15/11/2008,Houston Rockets,New Orleans Hornets,10,19,25,24,6,91,17,28,3,82,1
139,15/11/2008,Atlanta Hawks,New Jersey Nets,1,18,28,26,9,107,31,26,12,119,0
140,16/11/2008,Denver Nuggets,Minnesota Timberwolves,7,17,24,18,10,90,18,27,4,84,1
141,16/11/2008,Charlotte Bobcats,Orlando Magic,3,22,18,29,3,85,19,25,7,90,0
142,16/11/2008,Toronto Raptors,Miami Heat,28,15,29,30,6,107,14,29,8,96,1
143,16/11/2008,Sacramento Kings,San Antonio Spurs,26,27,16,27,6,88,13,25,9,90,0
144,16/11/2008,Phoenix Suns,Detroit Pistons,24,8,16,35,6,104,17,30,3,86,1
145,16/11/2008,New York Knicks,Dallas Mavericks,20,6,13,34,11,114,23,40,7,124,0
146,17/11/2008,Oklahoma City Thunder,Houston Rockets,21,10,18,31,3,89,15,41,1,100,0
147,17/11/2008,Los Angeles Clippers,San Antonio Spurs,12,27,8,33,3,83,6,28,8,86,0
148,17/11/2008,Utah Jazz,Phoenix Suns,29,24,26,37,3,109,20,31,5,97,1
149,18/11/2008,Los Angeles Lakers,Chicago Bulls,13,4,19,41,5,116,24,35,5,109,1
150,18/11/2008,Boston Celtics,New York Knicks,2,20,21,37,5,110,18,28,9,101,1
151,18/11/2008,Denver Nuggets,Milwaukee Bucks,7,16,40,31,4,114,19,28,10,105,1
152,18/11/2008,Orlando Magic,Toronto Raptors,22,28,18,26,11,103,18,33,2,90,1
153,18/11/2008,Memphis Grizzlies,Sacramento Kings,14,26,21,29,10,109,19,33,3,94,1
154,18/11/2008,Washington Wizards,Miami Heat,30,15,23,29,2,87,13,27,9,94,0
155,18/11/2008,Indiana Pacers,Atlanta Hawks,11,1,17,36,8,113,17,29,7,96,1
156,18/11/2008,Charlotte Bobcats,Dallas Mavericks,3,6,20,30,1,83,20,34,4,100,0
157,18/11/2008,New Jersey Nets,Cleveland Cavaliers,18,5,22,27,2,82,30,23,10,106,0
158,18/11/2008,Golden State Warriors,Portland Trail Blazers,9,25,33,30,6,111,20,25,12,106,1
159,19/11/2008,Miami Heat,Toronto Raptors,15,28,10,32,7,95,16,29,9,101,0
160,19/11/2008,New Orleans Hornets,Sacramento Kings,19,26,14,38,2,96,16,34,7,105,0
161,19/11/2008,Atlanta Hawks,Washington Wizards,1,30,17,25,8,91,9,27,8,87,1
162,19/11/2008,Portland Trail Blazers,Chicago Bulls,25,4,25,35,7,116,16,26,2,74,1
163,19/11/2008,Utah Jazz,Milwaukee Bucks,29,16,28,34,3,105,16,30,6,94,1
164,19/11/2008,Minnesota Timberwolves,Philadelphia 76ers,17,23,22,34,4,102,15,39,1,96,1
165,19/11/2008,Houston Rockets,Dallas Mavericks,10,6,22,23,6,86,20,29,6,96,0
166,19/11/2008,San Antonio Spurs,Denver Nuggets,27,7,21,27,2,81,25,24,6,91,0
167,19/11/2008,Oklahoma City Thunder,Los Angeles Clippers,21,12,23,25,5,88,11,41,5,108,0
168,19/11/2008,Detroit Pistons,Cleveland Cavaliers,8,5,15,33,5,96,19,23,8,89,1
169,20/11/2008,Boston Celtics,Detroit Pistons,2,8,19,29,7,98,17,24,5,80,1
170,20/11/2008,Phoenix Suns,Los Angeles Lakers,24,13,10,32,6,92,11,32,10,105,0
171,21/11/2008,Los Angeles Lakers,Denver Nuggets,13,7,16,35,6,104,13,31,5,90,1
172,21/11/2008,Toronto Raptors,New Jersey Nets,28,18,32,31,11,127,16,46,7,129,0
173,21/11/2008,Golden State Warriors,Chicago Bulls,9,4,20,39,4,110,15,35,10,115,0
174,21/11/2008,San Antonio Spurs,Utah Jazz,27,29,20,27,15,119,20,34,2,94,1
175,21/11/2008,Dallas Mavericks,Memphis Grizzlies,6,14,23,22,8,91,12,29,2,76,1
176,21/11/2008,Minnesota Timberwolves,Boston Celtics,17,2,23,23,3,78,17,33,4,95,0
177,21/11/2008,Philadelphia 76ers,Los Angeles Clippers,23,12,19,32,2,89,16,30,4,88,1
178,21/11/2008,Sacramento Kings,Portland Trail Blazers,26,25,12,36,4,96,13,31,14,117,0
179,21/11/2008,Indiana Pacers,Orlando Magic,11,22,15,31,7,98,14,25,12,100,0
180,21/11/2008,Oklahoma City Thunder,New Orleans Hornets,21,19,25,23,3,80,17,32,8,105,0
181,21/11/2008,Atlanta Hawks,Charlotte Bobcats,1,3,20,19,10,88,10,26,7,83,1
182,21/11/2008,Washington Wizards,Houston Rockets,30,10,18,32,3,91,23,25,10,103,0
183,21/11/2008,Milwaukee Bucks,New York Knicks,16,20,16,38,4,104,18,24,7,87,1
184,22/11/2008,Cleveland Cavaliers,Atlanta Hawks,5,1,21,34,7,110,17,29,7,96,1
185,22/11/2008,Orlando Magic,Houston Rockets,22,10,22,26,7,95,13,33,7,100,0
186,22/11/2008,New Orleans Hornets,Oklahoma City Thunder,19,21,23,34,6,109,16,33,5,97,1
187,22/11/2008,New Jersey Nets,Los Angeles Clippers,18,12,25,27,11,112,18,31,5,95,1
188,22/11/2008,Memphis Grizzlies,Utah Jazz,14,29,20,31,4,94,14,34,7,103,0
189,22/11/2008,New York Knicks,Washington Wizards,20,30,20,27,16,122,23,38,6,117,1
190,22/11/2008,Charlotte Bobcats,Milwaukee Bucks,3,16,13,26,3,74,24,20,5,79,0
191,22/11/2008,Phoenix Suns,Portland Trail Blazers,24,25,14,32,8,102,11,24,11,92,1
192,22/11/2008,Miami Heat,Indiana Pacers,15,11,22,36,5,109,17,28,9,100,1
193,23/11/2008,Los Angeles Lakers,Sacramento Kings,13,26,20,37,8,118,10,43,4,108,1
194,23/11/2008,Denver Nuggets,Chicago Bulls,7,4,30,36,4,114,19,29,8,101,1
195,23/11/2008,Detroit Pistons,Minnesota Timberwolves,8,17,15,25,5,80,11,37,7,106,0
196,23/11/2008,Philadelphia 76ers,Golden State Warriors,23,9,9,31,6,89,7,28,6,81,1
197,23/11/2008,Toronto Raptors,Boston Celtics,28,2,34,24,7,103,18,35,10,118,0
198,24/11/2008,Miami Heat,Houston Rockets,15,10,17,27,9,98,25,26,10,107,0
199,24/11/2008,Orlando Magic,Milwaukee Bucks,22,16,38,23,8,108,17,36,4,101,1
200,24/11/2008,Los Angeles Clippers,New Orleans Hornets,12,19,15,27,6,87,14,35,5,99,0
201,24/11/2008,Portland Trail Blazers,Sacramento Kings,25,26,17,28,6,91,15,24,9,90,1
202,24/11/2008,Charlotte Bobcats,Philadelphia 76ers,3,23,17,26,8,93,17,29,3,84,1
203,24/11/2008,Utah Jazz,Chicago Bulls,29,4,11,40,3,100,14,36,5,101,0
204,24/11/2008,Memphis Grizzlies,San Antonio Spurs,14,27,18,27,3,81,16,24,10,94,0
205,25/11/2008,Los Angeles Lakers,New Jersey Nets,13,18,24,36,8,120,28,25,5,93,1
206,25/11/2008,New York Knicks,Cleveland Cavaliers,20,5,16,23,13,101,13,38,10,119,0
207,25/11/2008,Dallas Mavericks,Indiana Pacers,6,11,22,36,5,109,14,37,6,106,1
208,25/11/2008,Oklahoma City Thunder,Phoenix Suns,21,24,21,31,5,98,12,30,9,99,0
209,25/11/2008,Washington Wizards,Golden State Warriors,30,9,12,47,6,124,16,33,6,100,1
210,26/11/2008,Boston Celtics,Golden State Warriors,2,9,32,36,5,119,26,32,7,111,1
211,26/11/2008,Cleveland Cavaliers,Oklahoma City Thunder,5,21,22,40,5,117,22,27,2,82,1
212,26/11/2008,San Antonio Spurs,Chicago Bulls,27,4,24,28,6,98,9,32,5,88,1
213,26/11/2008,Detroit Pistons,New York Knicks,8,20,11,42,5,110,20,23,10,96,1
214,26/11/2008,Los Angeles Clippers,Denver Nuggets,12,7,21,33,6,105,36,29,4,106,0
215,26/11/2008,Toronto Raptors,Charlotte Bobcats,28,3,15,30,6,93,15,31,3,86,1
216,26/11/2008,Sacramento Kings,New Jersey Nets,26,18,27,30,9,114,23,33,9,116,0
217,26/11/2008,Houston Rockets,Indiana Pacers,10,11,24,27,4,90,14,28,7,91,0
218,26/11/2008,Minnesota Timberwolves,Phoenix Suns,17,24,17,32,7,102,32,33,4,110,0
219,26/11/2008,Portland Trail Blazers,Miami Heat,25,15,17,28,11,106,8,27,2,68,1
220,26/11/2008,Atlanta Hawks,Milwaukee Bucks,1,16,22,25,10,102,16,37,2,96,1
221,26/11/2008,Utah Jazz,Memphis Grizzlies,29,14,24,39,5,117,15,38,3,100,1
222,26/11/2008,Philadelphia 76ers,Orlando Magic,23,22,19,33,3,94,23,23,9,96,0
223,27/11/2008,Denver Nuggets,New Orleans Hornets,7,19,18,31,7,101,27,21,12,105,0
224,27/11/2008,Washington Wizards,Orlando Magic,30,22,17,32,3,90,23,32,6,105,0
225,28/11/2008,Cleveland Cavaliers,Golden State Warriors,5,9,17,34,9,112,27,29,4,97,1
226,28/11/2008,Boston Celtics,Philadelphia 76ers,2,23,18,33,6,102,12,30,2,78,1
227,28/11/2008,Los Angeles Lakers,Dallas Mavericks,13,6,14,41,6,114,8,30,13,107,1
228,28/11/2008,Utah Jazz,Sacramento Kings,29,26,22,34,10,120,9,35,5,94,1
229,28/11/2008,Phoenix Suns,Miami Heat,24,15,6,31,8,92,18,34,7,107,0
230,28/11/2008,Oklahoma City Thunder,Minnesota Timberwolves,21,17,18,32,7,103,23,29,8,105,0
231,28/11/2008,Toronto Raptors,Atlanta Hawks,28,1,9,36,4,93,10,27,8,88,1
232,28/11/2008,Portland Trail Blazers,New Orleans Hornets,25,19,19,29,8,101,8,27,8,86,1
233,28/11/2008,Indiana Pacers,Charlotte Bobcats,11,3,17,29,11,108,32,28,9,115,0
234,28/11/2008,Detroit Pistons,Milwaukee Bucks,8,16,27,28,8,107,25,30,4,97,1
235,28/11/2008,San Antonio Spurs,Memphis Grizzlies,27,14,14,34,9,109,10,38,4,98,1
236,29/11/2008,Orlando Magic,Indiana Pacers,22,11,22,26,12,110,10,34,6,96,1
237,29/11/2008,Charlotte Bobcats,Boston Celtics,3,2,15,27,5,84,23,30,2,89,0
238,29/11/2008,Sacramento Kings,Dallas Mavericks,26,6,14,32,0,78,22,29,7,101,0
239,29/11/2008,Houston Rockets,San Antonio Spurs,10,27,19,33,6,103,21,24,5,84,1
240,29/11/2008,Memphis Grizzlies,Oklahoma City Thunder,14,21,16,36,5,103,32,35,3,111,0
241,29/11/2008,New York Knicks,Golden State Warriors,20,9,17,41,13,138,26,39,7,125,1
242,29/11/2008,Utah Jazz,New Jersey Nets,29,18,18,29,4,88,18,33,7,105,0
243,29/11/2008,Milwaukee Bucks,Cleveland Cavaliers,16,5,21,23,6,85,14,34,5,97,0
244,29/11/2008,Washington Wizards,Atlanta Hawks,30,1,24,28,6,98,17,26,11,102,0
245,29/11/2008,Los Angeles Clippers,Miami Heat,12,15,23,31,4,97,8,29,10,96,1
246,29/11/2008,Minnesota Timberwolves,Denver Nuggets,17,7,9,35,6,97,26,31,6,106,0
247,30/11/2008,Los Angeles Lakers,Toronto Raptors,13,28,14,43,4,112,20,23,11,99,1
248,30/11/2008,Denver Nuggets,Houston Rockets,7,10,19,26,11,104,22,21,10,94,1
249,30/11/2008,Philadelphia 76ers,Chicago Bulls,23,4,15,31,5,92,19,30,8,103,0
250,30/11/2008,Detroit Pistons,Portland Trail Blazers,8,25,22,27,3,85,17,29,7,96,0
251,30/11/2008,Phoenix Suns,New Jersey Nets,24,18,18,29,11,109,29,32,8,117,0
252,01/12/2008,Boston Celtics,Orlando Magic,2,22,21,34,6,107,15,29,5,88,1
253,01/12/2008,Golden State Warriors,Miami Heat,9,15,47,35,4,129,28,39,8,130,0
254,01/12/2008,Charlotte Bobcats,Minnesota Timberwolves,3,17,19,30,7,100,19,19,11,90,1
255,02/12/2008,Chicago Bulls,Philadelphia 76ers,4,23,27,31,2,95,25,36,2,103,0
256,02/12/2008,Denver Nuggets,Toronto Raptors,7,28,21,36,13,132,20,29,5,93,1
257,02/12/2008,San Antonio Spurs,Detroit Pistons,27,8,15,22,6,77,9,31,6,89,0
258,02/12/2008,New York Knicks,Portland Trail Blazers,20,25,23,22,10,97,13,29,11,104,0
259,02/12/2008,Sacramento Kings,Utah Jazz,26,29,25,27,5,94,24,33,3,99,0
260,02/12/2008,New Jersey Nets,Washington Wizards,18,30,19,24,7,88,7,31,13,108,0
261,02/12/2008,Indiana Pacers,Los Angeles Lakers,11,13,20,37,8,118,33,33,6,117,1
262,02/12/2008,Dallas Mavericks,Los Angeles Clippers,6,12,14,31,8,100,8,39,4,98,1
263,03/12/2008,Boston Celtics,Indiana Pacers,2,11,26,32,8,114,9,33,7,96,1
264,03/12/2008,Orlando Magic,Minnesota Timberwolves,22,17,16,27,10,100,15,34,2,89,1
265,03/12/2008,Cleveland Cavaliers,New York Knicks,5,20,26,37,6,118,8,22,10,82,1
266,03/12/2008,Atlanta Hawks,Memphis Grizzlies,1,14,15,30,10,105,21,31,4,95,1
267,03/12/2008,Houston Rockets,Los Angeles Clippers,10,12,31,21,10,103,11,35,5,96,1
268,03/12/2008,Philadelphia 76ers,Los Angeles Lakers,23,13,13,37,5,102,22,37,6,114,0
269,03/12/2008,New Orleans Hornets,Phoenix Suns,19,24,30,25,8,104,10,30,7,91,1
270,03/12/2008,Milwaukee Bucks,Chicago Bulls,16,4,16,36,3,97,16,31,4,90,1
271,03/12/2008,Charlotte Bobcats,Oklahoma City Thunder,3,21,27,32,4,103,18,29,7,97,1
272,03/12/2008,Utah Jazz,Miami Heat,29,15,27,25,4,89,17,32,4,93,0
273,03/12/2008,Washington Wizards,Portland Trail Blazers,30,25,13,32,5,92,18,31,6,98,0
274,04/12/2008,Denver Nuggets,San Antonio Spurs,7,27,14,28,7,91,17,32,9,108,0
275,04/12/2008,Dallas Mavericks,Phoenix Suns,6,24,15,38,7,112,19,30,6,97,1
276,05/12/2008,Boston Celtics,Portland Trail Blazers,2,25,22,31,3,93,18,27,2,78,1
277,05/12/2008,Orlando Magic,Oklahoma City Thunder,22,21,9,25,13,98,14,33,3,89,1
278,05/12/2008,Cleveland Cavaliers,Indiana Pacers,5,11,14,31,7,97,11,25,4,73,1
279,05/12/2008,Atlanta Hawks,New York Knicks,1,20,15,34,5,98,6,28,11,95,1
280,05/12/2008,Milwaukee Bucks,Charlotte Bobcats,16,3,25,29,6,101,14,26,10,96,1
281,05/12/2008,Houston Rockets,Golden State Warriors,10,9,36,28,13,131,15,38,7,112,1
282,05/12/2008,New Jersey Nets,Minnesota Timberwolves,18,17,21,25,14,113,24,27,2,84,1
283,05/12/2008,Memphis Grizzlies,Los Angeles Clippers,14,12,10,31,7,93,12,27,5,81,1
284,05/12/2008,Detroit Pistons,Philadelphia 76ers,8,23,17,34,2,91,25,31,3,96,0
285,05/12/2008,Washington Wizards,Los Angeles Lakers,30,13,20,33,6,104,22,27,10,106,0
286,05/12/2008,Utah Jazz,Toronto Raptors,29,28,11,44,5,114,11,32,4,87,1
287,06/12/2008,Miami Heat,Oklahoma City Thunder,15,21,18,36,5,105,24,30,5,99,1
288,06/12/2008,Chicago Bulls,Washington Wizards,4,30,20,32,11,117,10,35,10,110,1
289,06/12/2008,Minnesota Timberwolves,Los Angeles Clippers,17,12,21,27,3,84,25,32,6,107,0
290,06/12/2008,Charlotte Bobcats,Cleveland Cavaliers,3,5,21,22,3,74,21,23,9,94,0
291,06/12/2008,Sacramento Kings,Denver Nuggets,26,7,24,26,3,85,29,37,5,118,0
292,06/12/2008,San Antonio Spurs,Golden State Warriors,27,9,17,35,12,123,23,28,3,88,1
293,06/12/2008,Dallas Mavericks,Atlanta Hawks,6,1,17,37,3,100,22,26,8,98,1
294,06/12/2008,Philadelphia 76ers,New Jersey Nets,23,18,22,22,6,84,12,25,11,95,0
295,06/12/2008,New Orleans Hornets,Memphis Grizzlies,19,14,19,27,11,106,18,30,3,87,1
296,06/12/2008,Phoenix Suns,Utah Jazz,24,29,29,31,5,106,19,32,7,104,1
297,07/12/2008,Los Angeles Lakers,Milwaukee Bucks,13,16,32,29,5,105,18,31,4,92,1
298,07/12/2008,Indiana Pacers,Boston Celtics,11,2,27,36,6,117,25,29,13,122,0
299,07/12/2008,Toronto Raptors,Portland Trail Blazers,28,25,13,30,8,97,14,24,12,98,0
300,07/12/2008,New York Knicks,Detroit Pistons,20,8,22,23,12,104,12,37,2,92,1
301,08/12/2008,Oklahoma City Thunder,Golden State Warriors,21,9,12,33,8,102,26,37,4,112,0
302,08/12/2008,Memphis Grizzlies,Houston Rockets,14,10,24,32,7,109,18,26,9,97,1
303,08/12/2008,Miami Heat,Charlotte Bobcats,15,3,30,26,6,100,18,24,10,96,1
304,08/12/2008,Los Angeles Clippers,Orlando Magic,12,22,9,32,5,88,19,23,10,95,0
305,09/12/2008,Chicago Bulls,New York Knicks,4,20,16,37,5,105,14,34,6,100,1
306,09/12/2008,Cleveland Cavaliers,Toronto Raptors,5,28,20,35,8,114,24,26,6,94,1
307,09/12/2008,Portland Trail Blazers,Orlando Magic,25,22,23,35,5,108,17,25,14,109,0
308,09/12/2008,Phoenix Suns,Milwaukee Bucks,24,16,29,36,8,125,16,38,6,110,1
309,09/12/2008,Minnesota Timberwolves,Utah Jazz,17,29,27,30,3,96,31,28,4,99,0
310,09/12/2008,Washington Wizards,Detroit Pistons,30,8,27,34,4,107,13,30,7,94,1
311,09/12/2008,Houston Rockets,Atlanta Hawks,10,1,16,29,6,92,8,26,8,84,1
312,09/12/2008,Dallas Mavericks,San Antonio Spurs,6,27,21,39,9,126,25,39,10,133,0
313,09/12/2008,Sacramento Kings,Los Angeles Lakers,26,13,17,36,8,113,22,26,9,101,1
314,10/12/2008,Denver Nuggets,Minnesota Timberwolves,7,17,30,31,8,116,23,35,4,105,1
315,10/12/2008,Los Angeles Lakers,Phoenix Suns,13,24,27,32,8,115,12,34,10,110,1
316,10/12/2008,Oklahoma City Thunder,Memphis Grizzlies,21,14,24,33,4,102,26,32,6,108,0
317,10/12/2008,Toronto Raptors,Indiana Pacers,28,11,15,34,6,101,15,26,7,88,1
318,10/12/2008,Golden State Warriors,Milwaukee Bucks,9,16,27,37,6,119,16,31,6,96,1
319,10/12/2008,New Orleans Hornets,Charlotte Bobcats,19,3,13,28,12,105,15,28,6,89,1
320,10/12/2008,New Jersey Nets,New York Knicks,18,20,10,33,11,109,32,31,9,121,0
321,10/12/2008,San Antonio Spurs,Atlanta Hawks,27,1,15,25,10,95,11,30,6,89,1
322,10/12/2008,Philadelphia 76ers,Cleveland Cavaliers,23,5,26,32,1,93,16,35,5,101,0
323,11/12/2008,Washington Wizards,Boston Celtics,30,2,22,27,4,88,26,36,8,122,0
324,11/12/2008,Utah Jazz,Portland Trail Blazers,29,25,24,32,3,97,14,28,6,88,1
325,11/12/2008,Dallas Mavericks,Charlotte Bobcats,6,3,15,28,8,95,12,36,2,90,1
326,12/12/2008,Cleveland Cavaliers,Philadelphia 76ers,5,23,18,26,6,88,11,29,1,72,1
327,12/12/2008,Boston Celtics,New Orleans Hornets,2,19,22,27,6,94,24,26,2,82,1
328,12/12/2008,Miami Heat,Atlanta Hawks,15,1,4,27,5,73,24,21,7,87,0
329,12/12/2008,Los Angeles Lakers,Sacramento Kings,13,26,21,35,7,112,23,31,6,103,1
330,12/12/2008,Golden State Warriors,Houston Rockets,9,10,18,39,4,108,30,34,7,119,0
331,12/12/2008,Minnesota Timberwolves,San Antonio Spurs,17,27,12,34,2,86,16,29,8,98,0
332,12/12/2008,Detroit Pistons,Indiana Pacers,8,11,21,36,7,114,26,33,6,110,1
333,12/12/2008,Portland Trail Blazers,Los Angeles Clippers,25,12,20,37,6,112,18,39,8,120,0
334,12/12/2008,Phoenix Suns,Orlando Magic,24,22,15,34,10,113,21,26,13,112,1
335,12/12/2008,New Jersey Nets,Toronto Raptors,18,28,21,20,6,79,29,24,8,101,0
336,12/12/2008,Memphis Grizzlies,Chicago Bulls,14,4,18,35,5,103,14,26,10,96,1
337,13/12/2008,Denver Nuggets,Golden State Warriors,7,9,14,41,9,123,18,33,7,105,1
338,13/12/2008,Chicago Bulls,New Jersey Nets,4,18,21,37,6,113,26,30,6,104,1
339,13/12/2008,Utah Jazz,Orlando Magic,29,22,20,25,8,94,17,22,14,103,0
340,13/12/2008,Dallas Mavericks,Oklahoma City Thunder,6,21,14,34,7,103,16,37,3,99,1
341,13/12/2008,Philadelphia 76ers,Washington Wizards,23,30,26,36,2,104,14,27,7,89,1
342,13/12/2008,Charlotte Bobcats,Detroit Pistons,3,8,18,31,2,86,13,25,9,90,0
343,13/12/2008,Milwaukee Bucks,Indiana Pacers,16,11,27,35,8,121,23,31,6,103,1
344,13/12/2008,Atlanta Hawks,Cleveland Cavaliers,1,5,31,24,6,97,19,29,5,92,1
345,13/12/2008,Los Angeles Clippers,Houston Rockets,12,10,14,36,3,95,15,26,5,82,1
346,13/12/2008,Sacramento Kings,New York Knicks,26,20,15,33,3,90,15,30,13,114,0
347,14/12/2008,Los Angeles Lakers,Minnesota Timberwolves,13,17,17,33,5,98,18,22,8,86,1
348,14/12/2008,Memphis Grizzlies,Miami Heat,14,15,26,26,8,102,14,24,8,86,1
349,14/12/2008,Toronto Raptors,New Orleans Hornets,28,19,21,23,8,91,15,24,12,99,0
350,14/12/2008,San Antonio Spurs,Oklahoma City Thunder,27,21,18,32,9,109,10,38,6,104,1
351,15/12/2008,Boston Celtics,Utah Jazz,2,29,31,30,3,100,20,31,3,91,1
352,15/12/2008,Washington Wizards,Indiana Pacers,30,11,23,27,7,98,22,42,4,118,0
353,15/12/2008,Golden State Warriors,Orlando Magic,9,22,17,33,5,98,9,35,10,109,0
354,15/12/2008,Phoenix Suns,New York Knicks,24,20,24,30,9,111,18,35,5,103,1
355,15/12/2008,Dallas Mavericks,Denver Nuggets,6,7,20,19,10,88,16,26,10,98,0
356,15/12/2008,Toronto Raptors,New Jersey Nets,28,18,22,19,9,87,22,24,8,94,0
357,15/12/2008,Atlanta Hawks,Charlotte Bobcats,1,3,10,32,3,83,12,26,5,79,1
358,15/12/2008,Miami Heat,Milwaukee Bucks,15,16,13,23,8,83,18,28,8,98,0
359,15/12/2008,Sacramento Kings,Minnesota Timberwolves,26,17,22,33,10,118,25,30,6,103,1
360,16/12/2008,Los Angeles Lakers,New York Knicks,13,20,20,39,6,116,27,24,13,114,1
361,16/12/2008,Oklahoma City Thunder,Los Angeles Clippers,21,12,14,34,2,88,14,33,6,98,0
362,16/12/2008,Memphis Grizzlies,New Orleans Hornets,14,19,14,29,4,84,29,16,10,91,0
363,16/12/2008,Charlotte Bobcats,Chicago Bulls,3,4,32,30,6,110,14,36,5,101,1
364,16/12/2008,Portland Trail Blazers,Sacramento Kings,25,26,33,32,4,109,24,19,5,77,1
365,16/12/2008,Houston Rockets,Denver Nuggets,10,7,13,31,11,108,12,27,10,96,1
366,17/12/2008,Chicago Bulls,Los Angeles Clippers,4,12,26,34,7,115,23,37,4,109,1
367,17/12/2008,New Jersey Nets,Utah Jazz,18,29,18,31,4,92,29,31,4,103,0
368,17/12/2008,Philadelphia 76ers,Milwaukee Bucks,23,16,17,32,4,93,22,30,2,88,1
369,17/12/2008,Atlanta Hawks,Boston Celtics,1,2,20,22,7,85,18,32,2,88,0
370,17/12/2008,New Orleans Hornets,San Antonio Spurs,19,27,13,28,7,90,12,22,9,83,1
371,17/12/2008,Detroit Pistons,Washington Wizards,8,30,15,32,3,88,18,22,4,74,1
372,17/12/2008,Toronto Raptors,Dallas Mavericks,28,6,10,32,4,86,9,30,9,96,0
373,17/12/2008,Minnesota Timberwolves,Cleveland Cavaliers,17,5,11,28,1,70,9,36,4,93,0
374,17/12/2008,Indiana Pacers,Golden State Warriors,11,9,27,41,6,127,18,33,12,120,1
375,18/12/2008,Orlando Magic,San Antonio Spurs,22,27,8,32,6,90,10,22,8,78,1
376,18/12/2008,Portland Trail Blazers,Phoenix Suns,25,24,23,34,11,124,25,29,12,119,1
377,19/12/2008,Boston Celtics,Chicago Bulls,2,4,14,38,12,126,11,32,11,108,1
378,19/12/2008,Denver Nuggets,Cleveland Cavaliers,7,5,10,24,10,88,19,34,6,105,0
379,19/12/2008,Miami Heat,Los Angeles Lakers,15,13,17,24,8,89,10,28,7,87,1
380,19/12/2008,Indiana Pacers,Los Angeles Clippers,11,12,19,39,4,109,32,38,3,117,0
381,19/12/2008,Oklahoma City Thunder,Toronto Raptors,21,28,16,33,3,91,17,30,2,83,1
382,19/12/2008,Memphis Grizzlies,Charlotte Bobcats,14,3,18,28,3,83,8,46,4,112,0
383,19/12/2008,Detroit Pistons,Utah Jazz,8,29,21,36,7,114,28,40,4,120,0
384,19/12/2008,Atlanta Hawks,Golden State Warriors,1,9,20,37,7,115,11,35,6,99,1
385,19/12/2008,Washington Wizards,Philadelphia 76ers,30,23,15,29,10,103,28,27,9,109,0
386,19/12/2008,Houston Rockets,Sacramento Kings,10,26,19,35,6,107,18,27,8,96,1
387,19/12/2008,New York Knicks,Milwaukee Bucks,20,16,16,22,7,81,13,34,8,105,0
388,19/12/2008,New Jersey Nets,Dallas Mavericks,18,6,19,30,14,121,25,24,8,97,1
389,20/12/2008,Chicago Bulls,Utah Jazz,4,29,17,34,7,106,20,36,2,98,1
390,20/12/2008,Orlando Magic,Los Angeles Lakers,22,13,24,23,12,106,24,29,7,103,1
391,20/12/2008,Charlotte Bobcats,Golden State Warriors,3,9,16,27,11,103,30,25,10,110,0
392,20/12/2008,Phoenix Suns,Denver Nuggets,24,7,23,29,9,108,16,26,11,101,1
393,20/12/2008,New Jersey Nets,Miami Heat,18,15,28,30,5,103,22,33,6,106,0
394,20/12/2008,Minnesota Timberwolves,Houston Rockets,17,10,17,35,5,102,19,27,12,109,0
395,20/12/2008,San Antonio Spurs,Toronto Raptors,27,28,7,26,16,107,13,36,4,97,1
396,20/12/2008,Milwaukee Bucks,Los Angeles Clippers,16,12,22,41,5,119,24,23,5,85,1
397,20/12/2008,Philadelphia 76ers,Indiana Pacers,23,11,24,35,0,94,17,30,6,95,0
398,20/12/2008,New Orleans Hornets,Sacramento Kings,19,26,22,31,5,99,15,24,9,90,1
399,21/12/2008,Boston Celtics,New York Knicks,2,20,14,40,10,124,20,23,13,105,1
400,21/12/2008,Oklahoma City Thunder,Cleveland Cavaliers,21,5,14,28,7,91,9,33,9,102,0
401,21/12/2008,Washington Wizards,Dallas Mavericks,30,6,21,25,5,86,12,35,5,97,0
402,21/12/2008,Atlanta Hawks,Detroit Pistons,1,8,15,23,8,85,5,32,3,78,1
403,22/12/2008,Denver Nuggets,Portland Trail Blazers,7,25,28,30,3,97,15,25,8,89,1
404,22/12/2008,Orlando Magic,Golden State Warriors,22,9,15,25,16,113,18,24,5,81,1
405,22/12/2008,New Jersey Nets,Houston Rockets,18,10,16,33,3,91,19,34,9,114,0
406,22/12/2008,San Antonio Spurs,Sacramento Kings,27,26,20,30,7,101,18,26,5,85,1
407,22/12/2008,Memphis Grizzlies,Los Angeles Lakers,14,13,17,26,9,96,19,34,6,105,0
408,22/12/2008,Los Angeles Clippers,Toronto Raptors,12,28,18,18,7,75,18,29,7,97,0
409,23/12/2008,Boston Celtics,Philadelphia 76ers,2,23,29,30,7,110,17,37,0,91,1
410,23/12/2008,Cleveland Cavaliers,Houston Rockets,5,10,15,30,8,99,18,21,10,90,1
411,23/12/2008,Miami Heat,Golden State Warriors,15,9,14,32,6,96,17,28,5,88,1
412,23/12/2008,Milwaukee Bucks,Utah Jazz,16,29,27,32,1,94,23,27,3,86,1
413,23/12/2008,Portland Trail Blazers,Denver Nuggets,25,7,24,25,9,101,26,24,6,92,1
414,23/12/2008,Charlotte Bobcats,Washington Wizards,3,30,17,27,3,80,11,23,5,72,1
415,23/12/2008,San Antonio Spurs,Minnesota Timberwolves,27,17,18,33,5,99,25,28,4,93,1
416,23/12/2008,Detroit Pistons,Chicago Bulls,8,4,27,31,5,104,20,30,6,98,1
417,23/12/2008,Atlanta Hawks,Oklahoma City Thunder,1,21,18,30,7,99,15,29,5,88,1
418,23/12/2008,Dallas Mavericks,Memphis Grizzlies,6,14,11,34,7,100,16,27,4,82,1
419,23/12/2008,New Orleans Hornets,Los Angeles Lakers,19,13,14,23,9,87,28,27,6,100,0
420,23/12/2008,Indiana Pacers,New Jersey Nets,11,18,10,32,11,107,28,28,8,108,0
421,25/12/2008,Cleveland Cavaliers,Washington Wizards,5,30,19,19,12,93,4,29,9,89,1
422,25/12/2008,Los Angeles Lakers,Boston Celtics,13,2,12,28,8,92,6,31,5,83,1
423,25/12/2008,Orlando Magic,New Orleans Hornets,22,19,15,17,13,88,8,24,4,68,1
424,25/12/2008,Portland Trail Blazers,Dallas Mavericks,25,6,21,29,5,94,15,33,7,102,0
425,25/12/2008,Phoenix Suns,San Antonio Spurs,24,27,19,31,3,90,9,32,6,91,0
426,26/12/2008,Denver Nuggets,Philadelphia 76ers,7,23,24,18,15,105,18,34,5,101,1
427,26/12/2008,Miami Heat,Chicago Bulls,15,4,12,30,6,90,9,25,6,77,1
428,26/12/2008,Sacramento Kings,Toronto Raptors,26,28,21,28,8,101,27,34,4,107,0
429,26/12/2008,New Orleans Hornets,Houston Rockets,19,10,19,30,3,88,22,21,5,79,1
430,26/12/2008,Detroit Pistons,Oklahoma City Thunder,8,21,10,37,2,90,12,35,2,88,1
431,26/12/2008,New York Knicks,Minnesota Timberwolves,20,17,26,24,11,107,31,25,13,120,0
432,26/12/2008,Utah Jazz,Dallas Mavericks,29,6,23,34,2,97,15,26,7,88,1
433,26/12/2008,New Jersey Nets,Charlotte Bobcats,18,3,14,23,9,87,19,29,6,95,0
434,26/12/2008,Golden State Warriors,Boston Celtics,9,2,23,23,10,99,17,27,6,89,1
435,26/12/2008,Memphis Grizzlies,Indiana Pacers,14,11,24,39,2,108,13,37,6,105,1
436,27/12/2008,Portland Trail Blazers,Toronto Raptors,25,28,15,33,7,102,12,28,7,89,1
437,27/12/2008,Houston Rockets,Utah Jazz,10,29,32,26,12,120,12,44,5,115,1
438,27/12/2008,Washington Wizards,Oklahoma City Thunder,30,21,11,42,3,104,16,32,5,95,1
439,27/12/2008,Charlotte Bobcats,New Jersey Nets,3,18,21,32,6,103,28,28,10,114,0
440,27/12/2008,San Antonio Spurs,Memphis Grizzlies,27,14,17,34,7,106,16,36,5,103,1
441,27/12/2008,Milwaukee Bucks,Detroit Pistons,16,8,27,23,1,76,16,31,3,87,0
442,27/12/2008,Atlanta Hawks,Chicago Bulls,1,4,22,40,9,129,19,31,12,117,1
443,27/12/2008,Minnesota Timberwolves,Orlando Magic,17,22,16,27,8,94,20,31,12,118,0
444,28/12/2008,Los Angeles Lakers,Golden State Warriors,13,9,26,37,10,130,24,31,9,113,1
445,28/12/2008,Cleveland Cavaliers,Miami Heat,5,15,24,24,7,93,13,32,3,86,1
446,28/12/2008,Indiana Pacers,New Orleans Hornets,11,19,16,30,9,103,19,31,8,105,0
447,28/12/2008,Los Angeles Clippers,Dallas Mavericks,12,6,15,29,1,76,19,26,9,98,0
448,28/12/2008,New York Knicks,Denver Nuggets,20,7,22,26,12,110,21,39,6,117,0
449,28/12/2008,Sacramento Kings,Boston Celtics,26,2,21,15,4,63,20,35,6,108,0
450,29/12/2008,New Jersey Nets,Chicago Bulls,18,4,20,29,3,87,13,27,11,100,0
451,29/12/2008,Utah Jazz,Philadelphia 76ers,29,23,20,34,8,112,18,37,1,95,1
452,29/12/2008,Houston Rockets,Washington Wizards,10,30,16,25,7,87,16,35,1,89,0
453,29/12/2008,Detroit Pistons,Orlando Magic,8,22,19,27,5,88,9,20,11,82,1
454,29/12/2008,Atlanta Hawks,Denver Nuggets,1,7,21,26,12,109,16,30,5,91,1
455,29/12/2008,Oklahoma City Thunder,Phoenix Suns,21,24,21,33,5,102,19,35,7,110,0
456,29/12/2008,Minnesota Timberwolves,Memphis Grizzlies,17,14,29,38,1,108,22,32,4,98,1
457,29/12/2008,Golden State Warriors,Toronto Raptors,9,28,29,26,12,117,19,31,10,111,1
458,30/12/2008,Miami Heat,Cleveland Cavaliers,15,5,25,23,11,104,18,22,11,95,1
459,30/12/2008,Memphis Grizzlies,Phoenix Suns,14,24,27,25,4,89,26,30,5,101,0
460,30/12/2008,Charlotte Bobcats,New York Knicks,3,20,13,29,6,89,14,29,7,93,0
461,30/12/2008,Portland Trail Blazers,Boston Celtics,25,2,19,27,6,91,29,24,3,86,1
462,30/12/2008,San Antonio Spurs,Milwaukee Bucks,27,16,16,26,10,98,13,36,5,100,0
463,30/12/2008,Indiana Pacers,Atlanta Hawks,11,1,23,30,7,104,28,32,6,110,0
464,30/12/2008,Dallas Mavericks,Minnesota Timberwolves,6,17,17,30,10,107,11,31,9,100,1
465,30/12/2008,New Orleans Hornets,Washington Wizards,19,30,21,23,10,97,12,35,1,85,1
466,30/12/2008,Sacramento Kings,Los Angeles Clippers,26,12,24,28,4,92,25,25,5,90,1
467,31/12/2008,Chicago Bulls,Orlando Magic,4,22,20,28,6,94,16,32,11,113,0
468,31/12/2008,Toronto Raptors,Denver Nuggets,28,7,21,28,10,107,22,34,8,114,0
469,31/12/2008,Houston Rockets,Milwaukee Bucks,10,16,21,26,4,85,11,26,6,81,1
470,31/12/2008,Detroit Pistons,New Jersey Nets,8,18,14,30,3,83,16,25,3,75,1
471,31/12/2008,Los Angeles Clippers,Philadelphia 76ers,12,23,24,28,4,92,25,36,1,100,0
472,31/12/2008,Oklahoma City Thunder,Golden State Warriors,21,9,22,38,3,107,21,26,9,100,1
473,02/01/2009,Cleveland Cavaliers,Chicago Bulls,5,4,30,33,7,117,27,25,5,92,1
474,02/01/2009,Orlando Magic,Miami Heat,22,15,20,21,8,86,9,29,3,76,1
475,02/01/2009,Los Angeles Lakers,Utah Jazz,13,29,32,36,3,113,20,37,2,100,1
476,02/01/2009,Boston Celtics,Washington Wizards,2,30,14,29,12,108,19,29,2,83,1
477,02/01/2009,Detroit Pistons,Sacramento Kings,8,26,18,40,0,98,33,25,3,92,1
478,02/01/2009,Phoenix Suns,Los Angeles Clippers,24,12,17,34,7,106,22,29,6,98,1
479,02/01/2009,Toronto Raptors,Houston Rockets,28,10,10,36,4,94,10,21,7,73,1
480,02/01/2009,Dallas Mavericks,Philadelphia 76ers,6,23,16,28,8,96,11,30,5,86,1
481,02/01/2009,Oklahoma City Thunder,Denver Nuggets,21,7,22,37,8,120,30,31,10,122,0
482,02/01/2009,New York Knicks,Indiana Pacers,20,11,19,30,8,103,22,28,9,105,0
483,02/01/2009,New Jersey Nets,Atlanta Hawks,18,1,9,21,14,93,10,27,9,91,1
484,02/01/2009,Portland Trail Blazers,New Orleans Hornets,25,19,15,25,4,77,6,31,8,92,0
485,02/01/2009,Minnesota Timberwolves,Golden State Warriors,17,9,30,38,3,115,25,31,7,108,1
486,02/01/2009,Memphis Grizzlies,San Antonio Spurs,14,27,16,29,2,80,17,28,6,91,0
487,02/01/2009,Milwaukee Bucks,Charlotte Bobcats,16,3,23,28,8,103,13,25,4,75,1
488,03/01/2009,Denver Nuggets,New Orleans Hornets,7,19,27,30,6,105,19,30,7,100,1
489,03/01/2009,Chicago Bulls,Minnesota Timberwolves,4,17,14,27,8,92,23,32,5,102,0
490,03/01/2009,Atlanta Hawks,Houston Rockets,1,10,13,39,4,103,17,28,9,100,1
491,03/01/2009,Miami Heat,New Jersey Nets,15,18,30,22,9,101,19,28,7,96,1
492,03/01/2009,Indiana Pacers,Sacramento Kings,11,26,30,37,6,122,23,26,14,117,1
493,03/01/2009,Charlotte Bobcats,Milwaukee Bucks,3,16,29,26,7,102,21,31,3,92,1
494,03/01/2009,San Antonio Spurs,Philadelphia 76ers,27,23,9,27,15,108,16,39,4,106,1
495,04/01/2009,Los Angeles Lakers,Portland Trail Blazers,13,25,26,25,8,100,13,23,9,86,1
496,04/01/2009,Los Angeles Clippers,Detroit Pistons,12,8,27,24,4,87,13,30,5,88,0
497,04/01/2009,Washington Wizards,Cleveland Cavaliers,30,5,14,30,2,80,14,21,7,77,1
498,04/01/2009,Toronto Raptors,Orlando Magic,28,22,23,38,3,108,17,20,15,102,1
499,04/01/2009,New York Knicks,Boston Celtics,20,2,23,25,9,100,18,26,6,88,1
500,04/01/2009,Memphis Grizzlies,Dallas Mavericks,14,6,17,32,7,102,13,27,5,82,1
501,05/01/2009,Denver Nuggets,Indiana Pacers,7,11,25,40,10,135,23,31,10,115,1
502,05/01/2009,Milwaukee Bucks,Toronto Raptors,16,28,20,27,11,107,13,33,6,97,1
503,05/01/2009,Miami Heat,San Antonio Spurs,15,27,6,30,6,84,11,25,10,91,0
504,05/01/2009,Utah Jazz,Golden State Warriors,29,9,30,40,3,119,25,31,9,114,1
505,05/01/2009,New Jersey Nets,Sacramento Kings,18,26,20,24,10,98,15,30,5,90,1
506,06/01/2009,Los Angeles Lakers,New Orleans Hornets,13,19,17,20,16,105,33,34,5,116,0
507,06/01/2009,Orlando Magic,Washington Wizards,22,30,17,21,10,89,9,31,3,80,1
508,06/01/2009,Chicago Bulls,Sacramento Kings,4,26,33,30,2,99,19,33,3,94,1
509,06/01/2009,Charlotte Bobcats,Boston Celtics,3,2,31,31,7,114,22,33,6,106,1
510,06/01/2009,Dallas Mavericks,Los Angeles Clippers,6,12,17,33,8,107,31,25,7,102,1
511,06/01/2009,Oklahoma City Thunder,New York Knicks,21,20,24,34,5,107,18,24,11,99,1
512,06/01/2009,Memphis Grizzlies,Minnesota Timberwolves,14,17,21,30,2,87,16,27,8,94,0
513,06/01/2009,Philadelphia 76ers,Houston Rockets,23,10,19,38,3,104,23,29,5,96,1
514,07/01/2009,Cleveland Cavaliers,Charlotte Bobcats,5,3,14,38,7,111,20,26,3,81,1
515,07/01/2009,Denver Nuggets,Miami Heat,7,15,30,24,10,108,15,32,6,97,1
516,07/01/2009,Boston Celtics,Houston Rockets,2,10,19,24,6,85,10,26,9,89,0
517,07/01/2009,Portland Trail Blazers,Detroit Pistons,25,8,14,26,6,84,9,34,2,83,1
518,07/01/2009,Milwaukee Bucks,Philadelphia 76ers,16,23,18,33,7,105,32,27,8,110,0
519,07/01/2009,New Jersey Nets,Memphis Grizzlies,18,14,21,32,5,100,15,31,4,89,1
520,07/01/2009,Atlanta Hawks,Orlando Magic,1,22,14,32,8,102,26,28,8,106,0
521,07/01/2009,Utah Jazz,New Orleans Hornets,29,19,31,35,5,116,18,24,8,90,1
522,07/01/2009,Phoenix Suns,Indiana Pacers,24,11,29,30,7,110,11,36,10,113,0
523,07/01/2009,Washington Wizards,Toronto Raptors,30,28,10,34,5,93,17,29,8,99,0
524,07/01/2009,Golden State Warriors,Los Angeles Lakers,9,13,11,40,5,106,27,36,5,114,0
525,07/01/2009,Minnesota Timberwolves,Oklahoma City Thunder,17,21,21,36,12,129,14,32,3,87,1
526,08/01/2009,San Antonio Spurs,Los Angeles Clippers,27,12,7,33,11,106,8,29,6,84,1
527,08/01/2009,Dallas Mavericks,New York Knicks,6,20,13,28,10,99,10,27,10,94,1
528,09/01/2009,Orlando Magic,Atlanta Hawks,22,1,25,24,16,121,23,20,8,87,1
529,09/01/2009,Denver Nuggets,Detroit Pistons,7,8,28,28,2,90,27,27,4,93,0
530,09/01/2009,Cleveland Cavaliers,Boston Celtics,5,2,24,25,8,98,12,28,5,83,1
531,09/01/2009,Chicago Bulls,Washington Wizards,4,30,13,29,9,98,12,31,4,86,1
532,09/01/2009,Los Angeles Lakers,Indiana Pacers,13,11,28,39,5,121,26,30,11,119,1
533,09/01/2009,Oklahoma City Thunder,Houston Rockets,21,10,14,35,4,96,25,29,5,98,0
534,09/01/2009,Toronto Raptors,Memphis Grizzlies,28,14,19,36,4,103,17,28,3,82,1
535,09/01/2009,Phoenix Suns,Dallas Mavericks,24,6,19,47,5,128,17,28,9,100,1
536,09/01/2009,Sacramento Kings,Miami Heat,26,15,33,29,8,115,32,33,7,119,0
537,09/01/2009,New Orleans Hornets,Los Angeles Clippers,19,12,16,29,11,107,7,26,7,80,1
538,09/01/2009,Milwaukee Bucks,New Jersey Nets,16,18,16,29,10,104,10,22,16,102,1
539,09/01/2009,Philadelphia 76ers,Charlotte Bobcats,23,3,16,34,3,93,12,30,5,87,1
540,10/01/2009,Chicago Bulls,Oklahoma City Thunder,4,21,13,35,5,98,28,39,1,109,0
541,10/01/2009,Portland Trail Blazers,Golden State Warriors,25,9,26,36,5,113,18,32,6,100,1
542,10/01/2009,Minnesota Timberwolves,Milwaukee Bucks,17,16,23,22,13,106,18,34,6,104,1
543,10/01/2009,Washington Wizards,Charlotte Bobcats,30,3,20,33,1,89,13,26,9,92,0
544,10/01/2009,Utah Jazz,Detroit Pistons,29,8,18,33,5,99,24,26,2,82,1
545,10/01/2009,Houston Rockets,New York Knicks,10,20,15,27,9,96,10,21,8,76,1
546,11/01/2009,Los Angeles Lakers,Miami Heat,13,15,25,28,9,108,10,34,9,105,1
547,11/01/2009,Sacramento Kings,Dallas Mavericks,26,6,12,33,8,102,14,36,3,95,1
548,11/01/2009,Los Angeles Clippers,Phoenix Suns,12,24,23,31,6,103,25,33,6,109,0
549,11/01/2009,Toronto Raptors,Boston Celtics,28,2,26,22,6,88,20,22,10,94,0
550,11/01/2009,Golden State Warriors,Indiana Pacers,9,11,32,29,10,120,27,33,8,117,1
551,11/01/2009,San Antonio Spurs,Orlando Magic,27,22,17,36,3,98,19,22,14,105,0
552,11/01/2009,Atlanta Hawks,Philadelphia 76ers,1,23,20,25,8,94,18,32,9,109,0
553,12/01/2009,Chicago Bulls,Portland Trail Blazers,4,25,27,31,2,95,30,23,11,109,0
554,12/01/2009,Boston Celtics,Toronto Raptors,2,28,21,32,10,115,22,30,9,109,1
555,12/01/2009,New Jersey Nets,Oklahoma City Thunder,18,21,19,33,6,103,24,33,3,99,1
556,12/01/2009,Utah Jazz,Indiana Pacers,29,11,34,31,8,120,16,29,13,113,1
557,12/01/2009,Washington Wizards,Milwaukee Bucks,30,16,15,29,6,91,16,33,5,97,0
558,12/01/2009,New Orleans Hornets,New York Knicks,19,20,22,26,7,95,15,31,8,101,0
559,13/01/2009,Denver Nuggets,Dallas Mavericks,7,6,29,29,4,99,20,28,7,97,1
560,13/01/2009,Memphis Grizzlies,Cleveland Cavaliers,14,5,28,28,1,87,18,24,12,102,0
561,13/01/2009,Phoenix Suns,Atlanta Hawks,24,1,20,27,11,107,24,33,4,102,1
562,13/01/2009,Detroit Pistons,Charlotte Bobcats,8,3,11,26,5,78,14,30,2,80,0
563,13/01/2009,Houston Rockets,Los Angeles Lakers,10,13,6,38,6,100,18,36,5,105,0
564,13/01/2009,Minnesota Timberwolves,Miami Heat,17,15,9,27,11,96,30,30,3,99,0
565,13/01/2009,Sacramento Kings,Orlando Magic,26,22,25,29,8,107,18,26,23,139,0
566,14/01/2009,Boston Celtics,New Jersey Nets,2,18,18,32,12,118,29,21,5,86,1
567,14/01/2009,Indiana Pacers,Detroit Pistons,11,8,26,30,8,110,11,34,9,106,1
568,14/01/2009,Golden State Warriors,Sacramento Kings,9,26,25,45,6,133,35,35,10,135,0
569,14/01/2009,Dallas Mavericks,New Orleans Hornets,6,19,14,28,9,97,14,36,6,104,0
570,14/01/2009,Oklahoma City Thunder,Utah Jazz,21,29,33,36,3,114,19,31,4,93,1
571,14/01/2009,Toronto Raptors,Chicago Bulls,28,4,23,30,5,98,13,31,9,102,0
572,14/01/2009,Philadelphia 76ers,Portland Trail Blazers,23,25,19,24,11,100,20,25,3,79,1
573,14/01/2009,Los Angeles Clippers,Atlanta Hawks,12,1,15,28,3,80,18,29,7,97,0
574,14/01/2009,Milwaukee Bucks,Miami Heat,16,15,10,40,3,99,18,30,8,102,0
575,14/01/2009,New York Knicks,Washington Wizards,20,30,28,29,14,128,20,36,10,122,1
576,14/01/2009,San Antonio Spurs,Los Angeles Lakers,27,13,14,34,10,112,8,38,9,111,1
577,15/01/2009,Chicago Bulls,Cleveland Cavaliers,4,5,19,31,7,102,17,23,10,93,1
578,15/01/2009,Denver Nuggets,Phoenix Suns,7,24,31,35,6,119,28,32,7,113,1
579,15/01/2009,New Jersey Nets,Portland Trail Blazers,18,25,12,30,9,99,26,32,5,105,0
580,16/01/2009,Los Angeles Lakers,Orlando Magic,13,22,20,28,9,103,23,25,12,109,0
581,16/01/2009,Cleveland Cavaliers,New Orleans Hornets,5,19,18,22,10,92,23,20,5,78,1
582,16/01/2009,Sacramento Kings,Milwaukee Bucks,26,16,43,26,9,122,29,35,10,129,0
583,16/01/2009,Memphis Grizzlies,Utah Jazz,14,29,24,29,3,91,20,30,7,101,0
584,16/01/2009,Washington Wizards,New York Knicks,30,20,15,30,7,96,13,20,12,89,1
585,16/01/2009,Philadelphia 76ers,San Antonio Spurs,23,27,15,35,8,109,18,24,7,87,1
586,16/01/2009,Phoenix Suns,Minnesota Timberwolves,24,17,17,40,2,103,14,35,7,105,0
587,16/01/2009,Oklahoma City Thunder,Detroit Pistons,21,8,15,31,4,89,3,35,2,79,1
588,16/01/2009,Indiana Pacers,Toronto Raptors,11,28,26,29,9,111,29,27,7,104,1
589,16/01/2009,Golden State Warriors,Atlanta Hawks,9,1,28,32,9,119,23,32,9,114,1
590,17/01/2009,Chicago Bulls,San Antonio Spurs,4,27,8,35,3,87,15,28,7,92,0
591,17/01/2009,Denver Nuggets,Orlando Magic,7,22,21,26,5,88,21,26,11,106,0
592,17/01/2009,Dallas Mavericks,Utah Jazz,6,29,23,37,6,115,22,31,8,108,1
593,17/01/2009,New York Knicks,Philadelphia 76ers,20,23,17,25,10,97,15,37,6,107,0
594,17/01/2009,Charlotte Bobcats,Portland Trail Blazers,3,25,22,34,4,102,16,33,5,97,1
595,17/01/2009,New Jersey Nets,Boston Celtics,18,2,19,24,6,85,23,26,10,105,0
596,17/01/2009,Houston Rockets,Miami Heat,10,15,12,36,3,93,7,29,7,86,1
597,17/01/2009,Los Angeles Clippers,Milwaukee Bucks,12,16,13,38,4,101,21,22,9,92,1
598,17/01/2009,Detroit Pistons,New Orleans Hornets,8,19,7,30,6,85,19,33,2,91,0
599,18/01/2009,Oklahoma City Thunder,Miami Heat,21,15,22,30,4,94,11,30,11,104,0
600,18/01/2009,Toronto Raptors,Phoenix Suns,28,24,18,37,7,113,26,38,5,117,0
601,19/01/2009,Los Angeles Lakers,Cleveland Cavaliers,13,5,7,34,10,105,12,26,8,88,1
602,19/01/2009,Boston Celtics,Phoenix Suns,2,24,9,40,5,104,15,30,4,87,1
603,19/01/2009,Houston Rockets,Denver Nuggets,10,7,14,37,9,115,20,33,9,113,1
604,19/01/2009,Philadelphia 76ers,Dallas Mavericks,23,6,14,26,9,93,17,27,8,95,0
605,19/01/2009,Portland Trail Blazers,Milwaukee Bucks,25,16,24,33,4,102,13,27,6,85,1
606,19/01/2009,Memphis Grizzlies,Detroit Pistons,14,8,13,30,2,79,14,35,1,87,0
607,19/01/2009,Golden State Warriors,Washington Wizards,9,30,18,31,13,119,13,35,5,98,1
608,19/01/2009,Charlotte Bobcats,San Antonio Spurs,3,27,21,24,5,84,23,24,5,86,0
609,19/01/2009,Atlanta Hawks,Toronto Raptors,1,28,14,26,7,87,12,33,2,84,1
610,19/01/2009,New Orleans Hornets,Indiana Pacers,19,11,27,20,12,103,18,29,8,100,1
611,19/01/2009,Los Angeles Clippers,Minnesota Timberwolves,12,17,12,28,6,86,12,35,4,94,0
612,19/01/2009,New York Knicks,Chicago Bulls,20,4,21,27,9,102,14,36,4,98,1
613,20/01/2009,Chicago Bulls,Atlanta Hawks,4,1,18,36,4,102,22,28,9,105,0
614,20/01/2009,Denver Nuggets,Sacramento Kings,7,26,35,37,3,118,18,24,11,99,1
615,20/01/2009,San Antonio Spurs,Indiana Pacers,27,11,19,31,6,99,14,23,7,81,1
616,20/01/2009,Utah Jazz,Minnesota Timberwolves,29,17,27,35,5,112,11,36,8,107,1
617,21/01/2009,Miami Heat,Boston Celtics,15,2,12,25,7,83,9,22,15,98,0
618,21/01/2009,Houston Rockets,Utah Jazz,10,29,27,24,11,108,19,31,6,99,1
619,21/01/2009,New York Knicks,Phoenix Suns,20,24,23,32,9,114,22,36,5,109,1
620,21/01/2009,Detroit Pistons,Toronto Raptors,8,28,12,37,3,95,10,27,4,76,1
621,21/01/2009,Los Angeles Clippers,Los Angeles Lakers,12,13,15,32,6,97,17,38,5,108,0
622,21/01/2009,Charlotte Bobcats,Memphis Grizzlies,3,14,18,31,7,101,25,26,3,86,1
623,21/01/2009,Golden State Warriors,Oklahoma City Thunder,9,21,38,34,5,121,30,34,8,122,0
624,21/01/2009,New Orleans Hornets,New Jersey Nets,19,18,13,31,9,102,9,28,9,92,1
625,21/01/2009,Milwaukee Bucks,Dallas Mavericks,16,6,24,35,13,133,34,25,5,99,1
626,21/01/2009,Sacramento Kings,Washington Wizards,26,30,25,23,12,107,22,41,2,110,0
627,21/01/2009,Portland Trail Blazers,Cleveland Cavaliers,25,5,25,26,7,98,11,30,11,104,0
628,22/01/2009,Los Angeles Lakers,Washington Wizards,13,30,19,37,8,117,18,32,5,97,1
629,22/01/2009,Orlando Magic,Boston Celtics,22,2,21,19,7,80,20,35,0,90,0
630,23/01/2009,Chicago Bulls,Toronto Raptors,4,28,22,24,8,94,22,37,6,114,0
631,23/01/2009,Indiana Pacers,Houston Rockets,11,10,33,25,8,107,22,31,6,102,1
632,23/01/2009,Golden State Warriors,Cleveland Cavaliers,9,5,29,29,6,105,24,26,10,106,0
633,23/01/2009,Minnesota Timberwolves,New Orleans Hornets,17,19,26,30,10,116,11,29,13,108,1
634,23/01/2009,Detroit Pistons,Dallas Mavericks,8,6,28,30,1,91,16,39,6,112,0
635,23/01/2009,Charlotte Bobcats,Phoenix Suns,3,24,11,33,7,98,16,21,6,76,1
636,23/01/2009,Los Angeles Clippers,Oklahoma City Thunder,12,21,20,27,11,107,33,25,7,104,1
637,23/01/2009,New York Knicks,Memphis Grizzlies,20,14,23,29,9,108,21,23,7,88,1
638,23/01/2009,Atlanta Hawks,Milwaukee Bucks,1,16,23,35,8,117,17,20,10,87,1
639,23/01/2009,San Antonio Spurs,New Jersey Nets,27,18,18,29,6,94,17,28,6,91,1
640,24/01/2009,Miami Heat,Orlando Magic,15,22,24,32,5,103,22,24,9,97,1
641,24/01/2009,Portland Trail Blazers,Washington Wizards,25,30,23,28,7,100,13,22,10,87,1
642,24/01/2009,Utah Jazz,Cleveland Cavaliers,29,5,14,37,3,97,12,30,10,102,0
643,24/01/2009,Philadelphia 76ers,New York Knicks,23,20,26,36,6,116,17,24,15,110,1
644,24/01/2009,Milwaukee Bucks,Sacramento Kings,16,26,23,37,3,106,27,28,7,104,1
645,24/01/2009,Memphis Grizzlies,New Jersey Nets,14,18,22,24,6,88,14,29,9,99,0
646,25/01/2009,Los Angeles Lakers,San Antonio Spurs,13,27,28,25,7,99,14,28,5,85,1
647,25/01/2009,Denver Nuggets,Utah Jazz,7,29,25,34,8,117,26,31,3,97,1
648,25/01/2009,Boston Celtics,Dallas Mavericks,2,6,8,34,16,124,30,26,6,100,1
649,25/01/2009,Detroit Pistons,Houston Rockets,8,10,11,38,6,105,18,27,12,108,0
650,25/01/2009,Golden State Warriors,Los Angeles Clippers,9,12,17,33,8,107,18,25,8,92,1
651,25/01/2009,Toronto Raptors,Sacramento Kings,28,26,25,35,6,113,14,25,11,97,1
652,25/01/2009,Atlanta Hawks,Phoenix Suns,1,24,24,30,5,99,27,31,5,104,0
653,25/01/2009,Minnesota Timberwolves,Chicago Bulls,17,4,22,36,5,109,19,37,5,108,1
654,25/01/2009,Indiana Pacers,Charlotte Bobcats,11,3,19,32,5,98,18,27,7,93,1
655,26/01/2009,Miami Heat,Atlanta Hawks,15,1,18,28,7,95,24,23,3,79,1
656,26/01/2009,New Orleans Hornets,Philadelphia 76ers,19,23,19,20,14,101,12,34,2,86,1
657,26/01/2009,Milwaukee Bucks,Minnesota Timberwolves,16,17,14,33,1,83,22,22,8,90,0
658,26/01/2009,New York Knicks,Houston Rockets,20,10,24,31,6,104,18,25,10,98,1
659,26/01/2009,Los Angeles Clippers,Portland Trail Blazers,12,25,20,22,8,88,25,32,8,113,0
660,26/01/2009,Oklahoma City Thunder,New Jersey Nets,21,18,30,26,4,94,13,30,4,85,1
661,26/01/2009,Washington Wizards,Phoenix Suns,30,24,19,28,4,87,17,34,6,103,0
662,27/01/2009,Orlando Magic,Indiana Pacers,22,11,30,30,15,135,14,35,9,111,1
663,27/01/2009,Cleveland Cavaliers,Sacramento Kings,5,26,32,26,11,117,24,25,12,110,1
664,27/01/2009,Los Angeles Lakers,Charlotte Bobcats,13,3,17,36,7,110,18,36,9,117,0
665,27/01/2009,Utah Jazz,San Antonio Spurs,29,27,18,32,6,100,21,26,11,106,0
666,27/01/2009,Memphis Grizzlies,Denver Nuggets,14,7,21,26,4,85,27,23,9,100,0
667,28/01/2009,Boston Celtics,Sacramento Kings,2,26,22,35,9,119,26,25,8,100,1
668,28/01/2009,Miami Heat,Washington Wizards,15,30,19,22,10,93,9,28,2,71,1
669,28/01/2009,Portland Trail Blazers,Charlotte Bobcats,25,3,20,31,2,88,12,25,4,74,1
670,28/01/2009,Oklahoma City Thunder,Memphis Grizzlies,21,14,18,36,8,114,20,29,8,102,1
671,28/01/2009,Minnesota Timberwolves,Detroit Pistons,17,8,13,35,2,89,23,33,3,98,0
672,28/01/2009,New York Knicks,Atlanta Hawks,20,1,17,37,7,112,17,36,5,104,1
673,28/01/2009,Indiana Pacers,Milwaukee Bucks,11,16,20,36,5,107,32,29,3,99,1
674,28/01/2009,Dallas Mavericks,Golden State Warriors,6,9,21,36,8,117,19,28,6,93,1
675,28/01/2009,Houston Rockets,Philadelphia 76ers,10,23,11,29,8,93,20,36,1,95,0
676,28/01/2009,New Jersey Nets,Toronto Raptors,18,28,17,22,15,106,18,28,11,107,0
677,28/01/2009,Los Angeles Clippers,Chicago Bulls,12,4,15,21,6,75,20,36,1,95,0
678,28/01/2009,New Orleans Hornets,Denver Nuggets,19,7,19,27,7,94,11,29,4,81,1
679,29/01/2009,Orlando Magic,Cleveland Cavaliers,22,5,16,25,11,99,13,27,7,88,1
680,29/01/2009,Phoenix Suns,San Antonio Spurs,24,27,20,36,4,104,38,29,6,114,0
681,30/01/2009,Cleveland Cavaliers,Los Angeles Clippers,5,12,14,28,14,112,14,24,11,95,1
682,30/01/2009,Denver Nuggets,Charlotte Bobcats,7,3,26,36,4,110,20,26,9,99,1
683,30/01/2009,Philadelphia 76ers,Washington Wizards,23,30,11,33,9,104,22,33,2,94,1
684,30/01/2009,Detroit Pistons,Boston Celtics,8,2,17,29,1,78,20,27,4,86,0
685,30/01/2009,New Orleans Hornets,Golden State Warriors,19,9,26,23,5,87,19,30,4,91,0
686,30/01/2009,Utah Jazz,Oklahoma City Thunder,29,21,15,37,7,110,20,32,2,90,1
687,30/01/2009,Atlanta Hawks,New Jersey Nets,1,18,26,29,7,105,21,23,7,88,1
688,30/01/2009,Toronto Raptors,Milwaukee Bucks,28,16,16,30,3,85,19,28,7,96,0
689,30/01/2009,Minnesota Timberwolves,Los Angeles Lakers,17,13,33,37,4,119,26,38,10,132,0
690,30/01/2009,Indiana Pacers,Miami Heat,11,15,25,22,15,114,15,29,10,103,1
691,30/01/2009,Sacramento Kings,Chicago Bulls,26,4,28,24,4,88,15,41,4,109,0
692,31/01/2009,Miami Heat,Dallas Mavericks,15,6,21,30,5,96,10,40,7,111,0
693,31/01/2009,Memphis Grizzlies,Los Angeles Lakers,14,13,14,33,6,98,23,40,4,115,0
694,31/01/2009,Indiana Pacers,New York Knicks,11,20,21,34,8,113,15,31,15,122,0
695,31/01/2009,Portland Trail Blazers,Utah Jazz,25,29,26,33,10,122,29,32,5,108,1
696,31/01/2009,San Antonio Spurs,New Orleans Hornets,27,19,13,33,9,106,7,34,6,93,1
697,31/01/2009,Milwaukee Bucks,Atlanta Hawks,16,1,27,31,7,110,22,26,11,107,1
698,31/01/2009,Philadelphia 76ers,New Jersey Nets,23,18,24,22,5,83,14,28,5,85,0
699,31/01/2009,Houston Rockets,Golden State Warriors,10,9,23,33,7,110,19,28,6,93,1
700,31/01/2009,Washington Wizards,Los Angeles Clippers,30,12,24,32,6,106,15,23,11,94,1
701,31/01/2009,Phoenix Suns,Chicago Bulls,24,4,32,32,5,111,20,39,8,122,0
702,01/02/2009,Boston Celtics,Minnesota Timberwolves,2,17,24,35,5,109,20,33,5,101,1
703,01/02/2009,Detroit Pistons,Cleveland Cavaliers,8,5,14,30,2,80,13,28,7,90,0
704,01/02/2009,Toronto Raptors,Orlando Magic,28,22,18,33,2,90,22,26,13,113,0
705,01/02/2009,Sacramento Kings,Oklahoma City Thunder,26,21,27,37,7,122,33,38,3,118,1
706,02/02/2009,Orlando Magic,Dallas Mavericks,22,6,22,32,3,95,22,34,5,105,0
707,02/02/2009,Golden State Warriors,San Antonio Spurs,9,27,12,39,5,105,25,38,3,110,0
708,02/02/2009,New Orleans Hornets,Portland Trail Blazers,19,25,16,29,5,89,17,34,4,97,0
709,02/02/2009,Miami Heat,Los Angeles Clippers,15,12,20,36,9,119,19,29,6,95,1
710,02/02/2009,Washington Wizards,Memphis Grizzlies,30,14,17,31,6,97,26,33,7,113,0
711,02/02/2009,Utah Jazz,Charlotte Bobcats,29,3,26,32,5,105,12,28,6,86,1
712,02/02/2009,Phoenix Suns,Sacramento Kings,24,26,33,39,6,129,13,25,6,81,1
713,02/02/2009,New York Knicks,Los Angeles Lakers,20,13,28,34,7,117,31,37,7,126,0
714,03/02/2009,Denver Nuggets,San Antonio Spurs,7,27,31,29,5,104,9,30,9,96,1
715,03/02/2009,Cleveland Cavaliers,Toronto Raptors,5,28,20,24,11,101,20,30,1,83,1
716,03/02/2009,New Jersey Nets,Milwaukee Bucks,18,16,21,24,10,99,24,20,7,85,1
717,03/02/2009,Philadelphia 76ers,Boston Celtics,23,2,24,36,1,99,14,37,4,100,0
718,03/02/2009,Indiana Pacers,Minnesota Timberwolves,11,17,20,29,11,111,21,31,11,116,0
719,03/02/2009,Houston Rockets,Chicago Bulls,10,4,27,31,6,107,17,34,5,100,1
720,04/02/2009,Orlando Magic,Los Angeles Clippers,22,12,15,31,16,125,20,32,4,96,1
721,04/02/2009,Washington Wizards,New Jersey Nets,30,18,13,33,3,88,11,34,12,115,0
722,04/02/2009,Oklahoma City Thunder,Denver Nuggets,21,7,23,36,6,113,14,41,6,114,0
723,04/02/2009,Minnesota Timberwolves,Atlanta Hawks,17,1,14,24,8,86,25,30,3,94,0
724,04/02/2009,Memphis Grizzlies,Houston Rockets,14,10,16,32,8,104,19,25,8,93,1
725,04/02/2009,Toronto Raptors,Los Angeles Lakers,28,13,17,36,6,107,18,38,7,115,0
726,04/02/2009,Golden State Warriors,Phoenix Suns,9,24,17,34,13,124,23,34,7,112,1
727,04/02/2009,Dallas Mavericks,Portland Trail Blazers,6,25,13,38,5,104,17,29,8,99,1
728,04/02/2009,New York Knicks,Cleveland Cavaliers,20,5,19,28,9,102,23,27,10,107,0
729,04/02/2009,Detroit Pistons,Miami Heat,8,15,15,27,8,93,19,25,7,90,1
730,04/02/2009,New Orleans Hornets,Chicago Bulls,19,4,30,24,5,93,20,36,5,107,0
731,05/02/2009,Boston Celtics,Los Angeles Lakers,2,13,17,34,8,109,17,33,9,110,0
732,05/02/2009,Philadelphia 76ers,Indiana Pacers,23,11,26,29,5,99,15,20,13,94,1
733,05/02/2009,Utah Jazz,Dallas Mavericks,29,6,19,30,12,115,16,31,3,87,1
734,06/02/2009,Washington Wizards,Denver Nuggets,30,7,25,27,8,103,19,42,7,124,0
735,06/02/2009,Memphis Grizzlies,Los Angeles Clippers,14,12,26,32,5,105,18,30,16,126,0
736,06/02/2009,Indiana Pacers,Orlando Magic,11,22,28,26,9,107,21,24,11,102,1
737,06/02/2009,Charlotte Bobcats,Atlanta Hawks,3,1,23,28,6,97,30,21,10,102,0
738,06/02/2009,Oklahoma City Thunder,Portland Trail Blazers,21,25,20,38,2,102,15,30,6,93,1
739,06/02/2009,New Orleans Hornets,Toronto Raptors,19,28,14,21,15,101,15,28,7,92,1
740,06/02/2009,Phoenix Suns,Golden State Warriors,24,9,23,43,2,115,23,35,4,105,1
741,06/02/2009,Sacramento Kings,Utah Jazz,26,29,28,29,7,107,29,35,4,111,0
742,06/02/2009,New York Knicks,Boston Celtics,20,2,12,26,12,100,23,33,7,110,0
743,07/02/2009,Milwaukee Bucks,Detroit Pistons,16,8,33,35,6,121,26,35,10,126,0
744,07/02/2009,Memphis Grizzlies,Toronto Raptors,14,28,13,25,5,78,19,18,5,70,1
745,07/02/2009,Philadelphia 76ers,Miami Heat,23,15,30,26,4,94,13,31,3,84,1
746,07/02/2009,Atlanta Hawks,Los Angeles Clippers,1,12,24,26,7,97,12,38,11,121,0
747,07/02/2009,Houston Rockets,Minnesota Timberwolves,10,17,14,33,9,107,11,26,9,90,1
748,07/02/2009,Dallas Mavericks,Chicago Bulls,6,4,18,38,7,115,18,33,10,114,1
749,07/02/2009,New Jersey Nets,Denver Nuggets,18,7,32,29,8,114,14,22,4,70,1
750,08/02/2009,Orlando Magic,New Jersey Nets,22,18,25,29,6,101,11,29,5,84,1
751,08/02/2009,Cleveland Cavaliers,Los Angeles Lakers,5,13,12,23,11,91,12,40,3,101,0
752,08/02/2009,Boston Celtics,San Antonio Spurs,2,27,8,41,3,99,19,31,8,105,0
753,08/02/2009,Detroit Pistons,Phoenix Suns,8,24,19,30,6,97,21,37,4,107,0
754,08/02/2009,Washington Wizards,Indiana Pacers,30,11,27,31,10,119,30,30,9,117,1
755,08/02/2009,Miami Heat,Charlotte Bobcats,15,3,5,35,7,96,6,28,10,92,1
756,08/02/2009,Oklahoma City Thunder,Sacramento Kings,21,26,22,41,4,116,13,32,12,113,1
757,08/02/2009,New Orleans Hornets,Minnesota Timberwolves,19,17,32,30,3,101,15,29,8,97,1
758,08/02/2009,Golden State Warriors,Utah Jazz,9,29,28,35,6,116,25,28,5,96,1
759,08/02/2009,Portland Trail Blazers,New York Knicks,25,20,14,34,9,109,12,27,14,108,1
760,09/02/2009,Memphis Grizzlies,New Orleans Hornets,14,19,26,25,3,85,21,19,7,80,1
761,09/02/2009,Philadelphia 76ers,Phoenix Suns,23,24,24,36,4,108,16,33,3,91,1
762,09/02/2009,Charlotte Bobcats,Los Angeles Clippers,3,12,10,33,6,94,10,27,3,73,1
763,09/02/2009,Milwaukee Bucks,Houston Rockets,16,10,20,37,10,124,38,19,12,112,1
764,10/02/2009,Miami Heat,Denver Nuggets,15,7,12,26,6,82,12,36,5,99,0
765,10/02/2009,Chicago Bulls,Detroit Pistons,4,8,28,32,5,107,16,37,4,102,1
766,10/02/2009,Los Angeles Lakers,Oklahoma City Thunder,13,21,10,40,5,105,21,28,7,98,1
767,10/02/2009,New Jersey Nets,San Antonio Spurs,18,27,7,37,4,93,18,33,8,108,0
768,10/02/2009,Atlanta Hawks,Washington Wizards,1,30,11,35,10,111,22,31,2,90,1
769,10/02/2009,Golden State Warriors,New York Knicks,9,20,28,40,12,144,18,38,11,127,1
770,10/02/2009,Dallas Mavericks,Sacramento Kings,6,26,19,42,5,118,22,27,8,100,1
771,10/02/2009,Indiana Pacers,Cleveland Cavaliers,11,5,11,26,11,96,21,28,6,95,1
772,10/02/2009,Minnesota Timberwolves,Toronto Raptors,17,28,19,31,7,102,17,36,7,110,0
773,11/02/2009,Orlando Magic,Denver Nuggets,22,7,22,12,9,73,23,22,5,82,0
774,11/02/2009,Cleveland Cavaliers,Phoenix Suns,5,24,16,30,11,109,17,33,3,92,1
775,11/02/2009,Philadelphia 76ers,Memphis Grizzlies,23,14,15,35,2,91,13,28,6,87,1
776,11/02/2009,Charlotte Bobcats,Washington Wizards,3,30,16,26,11,101,10,26,9,89,1
777,11/02/2009,Utah Jazz,Los Angeles Lakers,29,13,25,35,6,113,20,37,5,109,1
778,11/02/2009,New Orleans Hornets,Boston Celtics,19,2,23,24,2,77,17,33,2,89,0
779,11/02/2009,Milwaukee Bucks,Indiana Pacers,16,11,29,33,9,122,25,26,11,110,1
780,11/02/2009,Los Angeles Clippers,New York Knicks,12,20,13,35,15,128,18,41,8,124,1
781,11/02/2009,Portland Trail Blazers,Oklahoma City Thunder,25,21,14,34,8,106,27,31,1,92,1
782,11/02/2009,Detroit Pistons,Atlanta Hawks,8,1,12,34,5,95,19,34,4,99,0
783,11/02/2009,Toronto Raptors,San Antonio Spurs,28,27,15,29,6,91,12,31,5,89,1
784,11/02/2009,Houston Rockets,Sacramento Kings,10,26,17,25,9,94,15,29,3,82,1
785,12/02/2009,Chicago Bulls,Miami Heat,4,15,30,30,1,93,12,31,7,95,0
786,12/02/2009,Golden State Warriors,Portland Trail Blazers,9,25,39,27,4,105,14,33,6,98,1
787,12/02/2009,Dallas Mavericks,Boston Celtics,6,2,21,25,7,92,26,32,3,99,0
788,17/02/2009,Orlando Magic,Charlotte Bobcats,22,3,28,26,9,107,8,38,6,102,1
789,17/02/2009,Los Angeles Lakers,Atlanta Hawks,13,1,5,35,7,96,19,29,2,83,1
790,17/02/2009,Houston Rockets,New Jersey Nets,10,18,19,25,15,114,15,23,9,88,1
791,17/02/2009,Detroit Pistons,Milwaukee Bucks,8,16,14,30,4,86,22,26,6,92,0
792,17/02/2009,Indiana Pacers,Philadelphia 76ers,11,23,13,36,5,100,19,33,2,91,1
793,17/02/2009,Oklahoma City Thunder,New Orleans Hornets,21,19,20,30,6,98,14,31,8,100,0
794,17/02/2009,New York Knicks,San Antonio Spurs,20,27,13,36,9,112,19,32,8,107,1
795,17/02/2009,Utah Jazz,Memphis Grizzlies,29,14,32,35,5,117,26,32,3,99,1
796,17/02/2009,Phoenix Suns,Los Angeles Clippers,24,12,24,52,4,140,15,23,13,100,1
797,17/02/2009,Washington Wizards,Minnesota Timberwolves,30,17,26,35,5,111,27,29,6,103,1
798,18/02/2009,Philadelphia 76ers,Denver Nuggets,23,7,29,24,4,89,23,33,4,101,0
799,18/02/2009,Miami Heat,Minnesota Timberwolves,15,17,23,33,5,104,23,23,14,111,0
800,18/02/2009,Charlotte Bobcats,Indiana Pacers,3,11,27,26,8,103,13,33,5,94,1
801,18/02/2009,Golden State Warriors,Los Angeles Lakers,9,13,17,40,8,121,28,37,9,129,0
802,18/02/2009,Sacramento Kings,Atlanta Hawks,26,1,19,30,7,100,22,28,9,105,0
803,18/02/2009,New Orleans Hornets,Orlando Magic,19,22,17,38,8,117,20,13,13,85,1
804,18/02/2009,Milwaukee Bucks,Chicago Bulls,16,4,27,28,7,104,34,29,7,113,0
805,18/02/2009,Portland Trail Blazers,Memphis Grizzlies,25,14,15,29,7,94,12,33,4,90,1
806,18/02/2009,Dallas Mavericks,New Jersey Nets,6,18,19,32,10,113,18,34,4,98,1
807,18/02/2009,Toronto Raptors,Cleveland Cavaliers,28,5,10,27,4,76,11,38,2,93,0
808,18/02/2009,Los Angeles Clippers,Phoenix Suns,12,24,24,31,11,119,20,46,10,142,0
809,19/02/2009,Detroit Pistons,San Antonio Spurs,8,27,11,31,2,79,14,24,7,83,0
810,19/02/2009,Utah Jazz,Boston Celtics,29,2,24,30,2,90,19,27,4,85,1
811,20/02/2009,Los Angeles Lakers,New Orleans Hornets,13,19,32,31,7,115,15,30,12,111,1
812,20/02/2009,Chicago Bulls,Denver Nuggets,4,7,31,35,5,116,14,32,7,99,1
813,20/02/2009,New York Knicks,Toronto Raptors,20,28,18,29,17,127,16,33,5,97,1
814,20/02/2009,Milwaukee Bucks,Cleveland Cavaliers,16,5,21,29,8,103,22,25,13,111,0
815,20/02/2009,New Jersey Nets,Washington Wizards,18,30,23,26,7,96,25,38,2,107,0
816,20/02/2009,Charlotte Bobcats,Orlando Magic,3,22,15,25,5,80,19,20,11,92,0
817,20/02/2009,Portland Trail Blazers,Atlanta Hawks,25,1,12,36,8,108,17,30,7,98,1
818,20/02/2009,Phoenix Suns,Oklahoma City Thunder,24,21,22,41,12,140,18,32,12,118,1
819,20/02/2009,Minnesota Timberwolves,Indiana Pacers,17,11,23,26,10,105,20,31,10,112,0
820,20/02/2009,Memphis Grizzlies,Sacramento Kings,14,26,29,31,5,106,37,24,10,115,0
821,20/02/2009,Houston Rockets,Dallas Mavericks,10,6,18,24,9,93,10,26,8,86,1
822,21/02/2009,Miami Heat,Philadelphia 76ers,15,23,17,34,4,97,21,29,4,91,1
823,21/02/2009,Utah Jazz,New Orleans Hornets,29,19,14,32,8,102,18,26,6,88,1
824,21/02/2009,Dallas Mavericks,Sacramento Kings,6,26,23,39,5,116,16,29,7,95,1
825,21/02/2009,Washington Wizards,San Antonio Spurs,30,27,13,27,0,67,11,24,13,98,0
826,21/02/2009,Golden State Warriors,Oklahoma City Thunder,9,21,34,36,9,133,28,43,2,120,1
827,22/02/2009,Orlando Magic,Miami Heat,22,15,23,24,17,122,19,31,6,99,1
828,22/02/2009,Cleveland Cavaliers,Detroit Pistons,5,8,19,25,10,99,9,27,5,78,1
829,22/02/2009,Houston Rockets,Charlotte Bobcats,10,3,14,23,13,99,20,23,4,78,1
830,22/02/2009,Indiana Pacers,Chicago Bulls,11,4,18,28,8,98,17,28,6,91,1
831,22/02/2009,Minnesota Timberwolves,Los Angeles Lakers,17,13,14,32,10,108,20,38,5,111,0
832,22/02/2009,Portland Trail Blazers,Los Angeles Clippers,25,12,10,38,10,116,21,21,8,87,1
833,22/02/2009,Phoenix Suns,Boston Celtics,24,2,17,35,7,108,28,38,8,128,0
834,22/02/2009,Toronto Raptors,New York Knicks,28,20,15,36,8,111,12,29,10,100,1
835,22/02/2009,Milwaukee Bucks,Denver Nuggets,16,7,32,29,10,120,35,32,6,117,1
836,23/02/2009,Denver Nuggets,Boston Celtics,7,2,23,22,3,76,18,27,14,114,0
837,23/02/2009,Utah Jazz,Atlanta Hawks,29,1,14,38,6,108,13,29,6,89,1
838,23/02/2009,New Jersey Nets,Philadelphia 76ers,18,23,18,22,12,98,23,32,3,96,1
839,23/02/2009,New York Knicks,Indiana Pacers,20,11,30,33,9,123,25,35,8,119,1
840,23/02/2009,Los Angeles Clippers,Golden State Warriors,12,9,15,32,13,118,21,33,6,105,1
841,23/02/2009,Sacramento Kings,New Orleans Hornets,26,19,22,28,9,105,23,31,9,112,0
842,24/02/2009,Chicago Bulls,Orlando Magic,4,22,20,44,4,120,13,31,9,102,1
843,24/02/2009,Cleveland Cavaliers,Memphis Grizzlies,5,14,24,23,8,94,6,29,5,79,1
844,24/02/2009,San Antonio Spurs,Dallas Mavericks,27,6,13,31,6,93,19,24,3,76,1
845,24/02/2009,Toronto Raptors,Minnesota Timberwolves,28,17,20,40,6,118,16,35,8,110,1
846,24/02/2009,Houston Rockets,Portland Trail Blazers,10,25,19,29,7,98,15,32,5,94,1
847,24/02/2009,Oklahoma City Thunder,Los Angeles Lakers,21,13,22,28,5,93,18,34,7,107,0
848,24/02/2009,Phoenix Suns,Charlotte Bobcats,24,3,23,31,9,112,18,30,8,102,1
849,24/02/2009,Miami Heat,Detroit Pistons,15,8,18,29,9,103,20,34,1,91,1
850,25/02/2009,Denver Nuggets,Atlanta Hawks,7,1,22,29,10,110,24,35,5,109,1
851,25/02/2009,San Antonio Spurs,Portland Trail Blazers,27,25,6,33,9,99,15,27,5,84,1
852,25/02/2009,Minnesota Timberwolves,Utah Jazz,17,29,24,35,3,103,33,36,5,120,0
853,25/02/2009,New Jersey Nets,Chicago Bulls,18,4,25,31,8,111,22,28,7,99,1
854,25/02/2009,Washington Wizards,Philadelphia 76ers,30,23,16,32,6,98,22,33,6,106,0
855,25/02/2009,Los Angeles Clippers,Boston Celtics,12,2,14,32,5,93,22,24,7,91,1
856,25/02/2009,Dallas Mavericks,Milwaukee Bucks,6,16,30,31,8,116,15,30,7,96,1
857,25/02/2009,New Orleans Hornets,Detroit Pistons,19,8,18,30,4,90,10,28,7,87,1
858,25/02/2009,Indiana Pacers,Memphis Grizzlies,11,14,17,27,11,104,18,36,3,99,1
859,25/02/2009,Sacramento Kings,Charlotte Bobcats,26,3,23,25,6,91,17,27,9,98,0
860,25/02/2009,New York Knicks,Orlando Magic,20,22,14,28,13,109,29,32,7,114,0
861,26/02/2009,Los Angeles Lakers,Phoenix Suns,13,24,15,45,9,132,20,31,8,106,1
862,26/02/2009,Houston Rockets,Cleveland Cavaliers,10,5,15,27,8,93,14,21,6,74,1
863,27/02/2009,Orlando Magic,Detroit Pistons,22,8,15,29,4,85,19,34,2,93,0
864,27/02/2009,Boston Celtics,Indiana Pacers,2,11,16,29,10,104,16,31,7,99,1
865,27/02/2009,Denver Nuggets,Los Angeles Lakers,7,13,27,27,3,90,21,26,2,79,1
866,27/02/2009,Atlanta Hawks,Miami Heat,1,15,20,31,3,91,8,30,5,83,1
867,27/02/2009,Golden State Warriors,Charlotte Bobcats,9,3,21,32,8,109,23,31,9,112,0
868,27/02/2009,New Orleans Hornets,Milwaukee Bucks,19,16,11,36,4,95,15,23,11,94,1
869,27/02/2009,Phoenix Suns,Toronto Raptors,24,28,20,52,3,133,25,35,6,113,1
870,27/02/2009,Dallas Mavericks,Oklahoma City Thunder,6,21,22,38,4,110,23,32,7,108,1
871,27/02/2009,Minnesota Timberwolves,Portland Trail Blazers,17,25,19,24,5,82,18,30,8,102,0
872,27/02/2009,Washington Wizards,Chicago Bulls,30,4,22,38,5,113,25,25,5,90,1
873,27/02/2009,Sacramento Kings,Los Angeles Clippers,26,12,11,27,11,98,10,26,8,86,1
874,27/02/2009,San Antonio Spurs,Cleveland Cavaliers,27,5,16,29,4,86,18,29,7,97,0
875,27/02/2009,New York Knicks,Philadelphia 76ers,20,23,21,26,10,103,39,30,3,108,0
876,28/02/2009,Chicago Bulls,Houston Rockets,4,10,13,40,4,105,14,29,10,102,1
877,28/02/2009,Utah Jazz,Sacramento Kings,29,26,15,33,7,102,11,27,8,89,1
878,28/02/2009,Memphis Grizzlies,Oklahoma City Thunder,14,21,19,32,3,92,29,29,4,99,0
879,28/02/2009,Los Angeles Clippers,Charlotte Bobcats,12,3,12,31,7,95,10,30,10,100,0
880,28/02/2009,Miami Heat,New York Knicks,15,20,17,41,7,120,23,22,16,115,1
881,28/02/2009,Philadelphia 76ers,Orlando Magic,23,22,19,33,5,100,17,22,15,106,0
882,28/02/2009,Milwaukee Bucks,Washington Wizards,16,30,16,30,11,109,23,32,2,93,1
883,01/03/2009,Boston Celtics,Detroit Pistons,2,8,23,33,2,95,34,25,7,105,0
884,01/03/2009,Phoenix Suns,Los Angeles Lakers,24,13,26,37,6,118,19,34,8,111,1
885,01/03/2009,Dallas Mavericks,Toronto Raptors,6,28,20,34,7,109,27,31,3,98,1
886,01/03/2009,Minnesota Timberwolves,Houston Rockets,17,10,5,31,9,94,19,34,6,105,0
887,01/03/2009,Indiana Pacers,Denver Nuggets,11,7,16,27,10,100,22,30,4,94,1
888,01/03/2009,Golden State Warriors,Utah Jazz,9,29,18,31,8,104,22,39,4,112,0
889,01/03/2009,New Jersey Nets,New Orleans Hornets,18,19,15,30,7,96,27,24,8,99,0
890,01/03/2009,Atlanta Hawks,Cleveland Cavaliers,1,5,22,28,3,87,16,27,6,88,0
891,01/03/2009,Portland Trail Blazers,San Antonio Spurs,25,27,23,29,7,102,8,26,8,84,1
892,02/03/2009,Miami Heat,Cleveland Cavaliers,15,5,17,34,5,100,22,26,11,107,0
893,02/03/2009,Washington Wizards,Atlanta Hawks,30,1,13,35,2,89,18,31,6,98,0
894,02/03/2009,Los Angeles Clippers,San Antonio Spurs,12,27,18,24,4,78,13,36,7,106,0
895,02/03/2009,Philadelphia 76ers,New Orleans Hornets,23,19,15,32,4,91,18,25,10,98,0
896,02/03/2009,Oklahoma City Thunder,Dallas Mavericks,21,6,15,33,5,96,12,27,7,87,1
897,03/03/2009,Los Angeles Lakers,Memphis Grizzlies,13,14,15,36,4,99,18,25,7,89,1
898,03/03/2009,Orlando Magic,Phoenix Suns,22,24,30,30,7,111,12,33,7,99,1
899,03/03/2009,Houston Rockets,Toronto Raptors,10,28,14,36,7,107,8,34,7,97,1
900,03/03/2009,Detroit Pistons,Denver Nuggets,8,7,28,30,4,100,14,30,7,95,1
901,03/03/2009,Charlotte Bobcats,Chicago Bulls,3,4,18,33,4,96,17,27,3,80,1
902,03/03/2009,Minnesota Timberwolves,Golden State Warriors,17,9,22,27,6,94,34,27,10,118,0
903,03/03/2009,Milwaukee Bucks,New Jersey Nets,16,18,19,29,6,95,24,24,9,99,0
904,03/03/2009,Sacramento Kings,Indiana Pacers,26,11,30,29,7,109,20,32,11,117,0
905,04/03/2009,Miami Heat,Phoenix Suns,15,24,26,35,13,135,19,34,14,129,1
906,04/03/2009,Cleveland Cavaliers,Milwaukee Bucks,5,16,20,22,9,91,13,24,4,73,1
907,04/03/2009,Chicago Bulls,Golden State Warriors,4,9,27,34,5,110,11,31,5,88,1
908,04/03/2009,Dallas Mavericks,San Antonio Spurs,6,27,24,28,9,107,17,32,7,102,1
909,04/03/2009,New York Knicks,Atlanta Hawks,20,1,20,31,9,109,13,37,6,105,1
910,04/03/2009,Los Angeles Clippers,Memphis Grizzlies,12,14,19,29,6,95,19,39,7,118,0
911,04/03/2009,Oklahoma City Thunder,Washington Wizards,21,30,11,34,3,88,20,27,3,83,1
912,04/03/2009,Portland Trail Blazers,Indiana Pacers,25,11,27,34,4,107,12,36,7,105,1
913,04/03/2009,Utah Jazz,Houston Rockets,29,10,17,36,4,101,24,23,8,94,1
914,04/03/2009,New Jersey Nets,Boston Celtics,18,2,22,25,13,111,25,33,8,115,0
915,05/03/2009,Denver Nuggets,Portland Trail Blazers,7,25,14,37,6,106,16,28,6,90,1
916,05/03/2009,New Orleans Hornets,Dallas Mavericks,19,6,14,36,6,104,23,25,5,88,1
917,06/03/2009,Boston Celtics,Cleveland Cavaliers,2,5,9,39,6,105,27,23,7,94,1
918,06/03/2009,Orlando Magic,New Jersey Nets,22,18,26,26,9,105,17,29,9,102,1
919,06/03/2009,Chicago Bulls,Milwaukee Bucks,4,16,37,31,6,117,17,41,1,102,1
920,06/03/2009,Los Angeles Lakers,Minnesota Timberwolves,13,17,20,33,8,110,26,23,6,90,1
921,06/03/2009,Charlotte Bobcats,Atlanta Hawks,3,1,10,35,6,98,8,31,7,91,1
922,06/03/2009,Utah Jazz,Denver Nuggets,29,7,28,27,5,97,25,24,6,91,1
923,06/03/2009,San Antonio Spurs,Washington Wizards,27,30,15,32,7,100,17,29,1,78,1
924,06/03/2009,Houston Rockets,Phoenix Suns,10,24,28,35,6,116,10,33,12,112,1
925,06/03/2009,Toronto Raptors,Miami Heat,28,15,14,38,4,102,16,31,10,108,0
926,06/03/2009,Detroit Pistons,Golden State Warriors,8,9,19,40,3,108,22,30,3,91,1
927,07/03/2009,Cleveland Cavaliers,Miami Heat,5,15,19,25,10,99,14,33,3,89,1
928,07/03/2009,New York Knicks,Charlotte Bobcats,20,3,26,23,11,105,21,30,11,114,0
929,07/03/2009,Los Angeles Clippers,Indiana Pacers,12,11,18,33,7,105,16,33,8,106,0
930,07/03/2009,Milwaukee Bucks,Golden State Warriors,16,9,28,36,9,127,30,33,8,120,1
931,07/03/2009,Dallas Mavericks,Washington Wizards,6,30,25,35,8,119,17,31,8,103,1
932,07/03/2009,Atlanta Hawks,Detroit Pistons,1,8,18,30,3,87,14,27,5,83,1
933,07/03/2009,New Orleans Hornets,Oklahoma City Thunder,19,21,18,36,6,108,19,28,5,90,1
934,07/03/2009,Memphis Grizzlies,Philadelphia 76ers,14,23,14,41,3,105,19,41,3,110,0
935,07/03/2009,Portland Trail Blazers,Minnesota Timberwolves,25,17,20,30,5,95,16,31,5,93,1
936,08/03/2009,Boston Celtics,Orlando Magic,2,22,17,28,2,79,12,25,8,86,0
937,08/03/2009,San Antonio Spurs,Phoenix Suns,27,24,19,30,8,103,10,32,8,98,1
938,08/03/2009,Sacramento Kings,Denver Nuggets,26,7,22,25,14,114,30,32,4,106,1
939,08/03/2009,Oklahoma City Thunder,Philadelphia 76ers,21,23,17,33,2,89,15,25,3,74,1
940,08/03/2009,Toronto Raptors,Utah Jazz,28,29,21,34,4,101,21,38,4,109,0
941,08/03/2009,Houston Rockets,Memphis Grizzlies,10,14,17,32,4,93,16,29,3,83,1
942,08/03/2009,New Jersey Nets,New York Knicks,18,20,18,32,8,106,10,29,11,101,1
943,09/03/2009,Denver Nuggets,Houston Rockets,7,10,23,24,8,95,20,25,9,97,0
944,09/03/2009,Miami Heat,Chicago Bulls,15,4,32,31,12,130,30,32,11,127,1
945,09/03/2009,Detroit Pistons,Orlando Magic,8,22,15,37,3,98,29,22,7,94,1
946,09/03/2009,Minnesota Timberwolves,Washington Wizards,17,30,18,30,7,99,26,39,2,110,0
947,09/03/2009,Portland Trail Blazers,Los Angeles Lakers,25,13,20,29,11,111,14,28,8,94,1
948,09/03/2009,Atlanta Hawks,New Orleans Hornets,1,19,17,21,10,89,12,29,3,79,1
949,10/03/2009,Sacramento Kings,Oklahoma City Thunder,26,21,11,33,7,98,22,34,3,99,0
950,10/03/2009,San Antonio Spurs,Charlotte Bobcats,27,3,9,29,11,100,19,23,7,86,1
951,10/03/2009,Milwaukee Bucks,New York Knicks,16,20,25,33,7,112,37,28,9,120,0
952,10/03/2009,Los Angeles Clippers,Cleveland Cavaliers,12,5,20,27,3,83,20,29,3,87,0
953,10/03/2009,Indiana Pacers,Utah Jazz,11,29,20,25,10,100,28,36,4,112,0
954,10/03/2009,Phoenix Suns,Dallas Mavericks,24,6,15,42,6,117,18,37,10,122,0
955,11/03/2009,Orlando Magic,Chicago Bulls,22,4,18,31,9,107,19,21,6,79,1
956,11/03/2009,Miami Heat,Boston Celtics,15,2,18,31,9,107,25,25,8,99,1
957,11/03/2009,Denver Nuggets,Oklahoma City Thunder,7,21,23,37,5,112,30,30,3,99,1
958,11/03/2009,Golden State Warriors,New Jersey Nets,9,18,39,31,5,116,23,31,9,112,1
959,11/03/2009,Houston Rockets,Los Angeles Lakers,10,13,13,34,5,96,14,41,2,102,0
960,11/03/2009,Detroit Pistons,New York Knicks,8,20,20,44,1,111,20,33,10,116,0
961,11/03/2009,Atlanta Hawks,Utah Jazz,1,29,21,32,5,100,11,35,4,93,1
962,11/03/2009,Portland Trail Blazers,Dallas Mavericks,25,6,17,24,8,89,15,33,4,93,0
963,11/03/2009,Washington Wizards,New Orleans Hornets,30,19,16,32,6,98,19,30,10,109,0
964,11/03/2009,Philadelphia 76ers,Toronto Raptors,23,28,22,39,5,115,11,34,9,106,1
965,11/03/2009,Minnesota Timberwolves,Memphis Grizzlies,17,14,18,28,10,104,12,29,3,79,1
966,12/03/2009,Phoenix Suns,Cleveland Cavaliers,24,5,15,42,4,111,22,23,17,119,0
967,12/03/2009,San Antonio Spurs,Los Angeles Lakers,27,13,8,27,11,95,12,39,4,102,0
968,13/03/2009,Boston Celtics,Memphis Grizzlies,2,14,19,31,7,102,19,26,7,92,1
969,13/03/2009,Minnesota Timberwolves,New York Knicks,17,20,20,28,6,94,28,28,6,102,0
970,13/03/2009,Washington Wizards,Orlando Magic,30,22,19,33,6,103,18,29,12,112,0
971,13/03/2009,Philadelphia 76ers,Chicago Bulls,23,4,11,45,1,104,12,31,9,101,1
972,13/03/2009,Golden State Warriors,Dallas Mavericks,9,6,24,40,5,119,13,35,9,110,1
973,13/03/2009,Charlotte Bobcats,Houston Rockets,3,10,13,29,5,86,12,29,7,91,0
974,13/03/2009,Sacramento Kings,Cleveland Cavaliers,26,5,25,28,14,123,30,33,10,126,0
975,13/03/2009,Atlanta Hawks,Indiana Pacers,1,11,10,35,7,101,10,34,3,87,1
976,13/03/2009,Portland Trail Blazers,New Jersey Nets,25,18,39,26,6,109,20,28,8,100,1
977,13/03/2009,Milwaukee Bucks,New Orleans Hornets,16,19,6,25,10,86,22,29,5,95,0
978,13/03/2009,Toronto Raptors,Detroit Pistons,28,8,15,37,2,95,9,36,6,99,0
979,14/03/2009,Denver Nuggets,Los Angeles Clippers,7,12,31,32,4,107,25,21,9,94,1
980,14/03/2009,Chicago Bulls,New Orleans Hornets,4,19,7,30,10,97,9,35,0,79,1
981,14/03/2009,Miami Heat,Utah Jazz,15,29,35,39,9,140,22,40,9,129,1
982,14/03/2009,Minnesota Timberwolves,Charlotte Bobcats,17,3,12,33,10,108,18,32,6,100,1
983,14/03/2009,Houston Rockets,San Antonio Spurs,10,27,12,26,7,85,14,28,6,88,0
984,14/03/2009,Phoenix Suns,Oklahoma City Thunder,24,21,20,31,8,106,18,34,3,95,1
985,15/03/2009,Orlando Magic,Utah Jazz,22,29,14,29,11,105,22,31,1,87,1
986,15/03/2009,Cleveland Cavaliers,New York Knicks,5,20,12,34,6,98,12,24,11,93,1
987,15/03/2009,Los Angeles Lakers,Dallas Mavericks,13,6,15,34,8,107,21,20,13,100,1
988,15/03/2009,Philadelphia 76ers,Miami Heat,23,15,14,28,5,85,16,23,5,77,1
989,15/03/2009,Detroit Pistons,Memphis Grizzlies,8,14,6,36,2,84,17,27,6,89,0
990,15/03/2009,Los Angeles Clippers,New Jersey Nets,12,18,18,31,9,107,19,28,10,105,1
991,15/03/2009,Toronto Raptors,Indiana Pacers,28,11,28,35,4,110,14,23,9,87,1
992,15/03/2009,Atlanta Hawks,Portland Trail Blazers,1,25,9,37,5,98,14,30,2,80,1
993,15/03/2009,Golden State Warriors,Phoenix Suns,9,24,35,37,7,130,28,51,8,154,0
994,15/03/2009,Washington Wizards,Sacramento Kings,30,26,25,30,7,106,22,29,8,104,1
995,15/03/2009,Milwaukee Bucks,Boston Celtics,16,2,24,25,4,86,24,25,1,77,1
996,16/03/2009,Denver Nuggets,New Jersey Nets,7,18,22,36,9,121,12,27,10,96,1
997,16/03/2009,New Orleans Hornets,Houston Rockets,19,10,19,28,3,84,27,28,4,95,0
998,16/03/2009,Charlotte Bobcats,Toronto Raptors,3,28,18,38,6,112,29,24,3,86,1
999,16/03/2009,Oklahoma City Thunder,San Antonio Spurs,21,27,17,26,3,78,7,30,3,76,1
1000,16/03/2009,Memphis Grizzlies,Portland Trail Blazers,14,25,14,30,6,92,18,29,9,103,0
1001,17/03/2009,Los Angeles Lakers,Philadelphia 76ers,13,23,12,30,7,93,13,33,5,94,0
1002,17/03/2009,Chicago Bulls,Boston Celtics,4,2,33,38,6,127,24,32,11,121,1
1003,17/03/2009,Cleveland Cavaliers,Orlando Magic,5,22,12,32,7,97,11,26,10,93,1
1004,17/03/2009,Atlanta Hawks,Sacramento Kings,1,26,15,40,8,119,28,24,7,97,1
1005,17/03/2009,Golden State Warriors,Los Angeles Clippers,9,12,30,38,7,127,32,32,8,120,1
1006,17/03/2009,San Antonio Spurs,Minnesota Timberwolves,27,17,20,29,5,93,13,29,5,86,1
1007,17/03/2009,Dallas Mavericks,Detroit Pistons,6,8,21,32,6,103,18,34,5,101,1
1008,17/03/2009,Utah Jazz,Washington Wizards,29,30,19,39,2,103,23,28,3,88,1
1009,18/03/2009,Boston Celtics,Miami Heat,2,15,16,39,6,112,12,36,8,108,1
1010,18/03/2009,Charlotte Bobcats,Sacramento Kings,3,26,29,24,9,104,11,25,9,88,1
1011,18/03/2009,Los Angeles Clippers,Washington Wizards,12,30,14,32,15,123,14,44,2,108,1
1012,18/03/2009,Oklahoma City Thunder,Chicago Bulls,21,4,16,37,2,96,16,39,3,103,0
1013,18/03/2009,Milwaukee Bucks,Orlando Magic,16,22,19,26,3,80,23,25,11,106,0
1014,18/03/2009,Memphis Grizzlies,Denver Nuggets,14,7,20,34,7,109,28,28,9,111,0
1015,18/03/2009,Phoenix Suns,Philadelphia 76ers,24,23,14,47,6,126,18,37,8,116,1
1016,18/03/2009,Houston Rockets,Detroit Pistons,10,8,17,40,3,106,19,32,6,101,1
1017,18/03/2009,New York Knicks,New Jersey Nets,20,18,11,36,2,89,7,42,8,115,0
1018,18/03/2009,Indiana Pacers,Portland Trail Blazers,11,25,11,28,6,85,13,29,8,95,0
1019,18/03/2009,New Orleans Hornets,Minnesota Timberwolves,19,17,18,32,4,94,23,23,8,93,1
1020,19/03/2009,Los Angeles Lakers,Golden State Warriors,13,9,16,37,8,114,15,38,5,106,1
1021,19/03/2009,Cleveland Cavaliers,Portland Trail Blazers,5,25,19,33,4,97,23,27,5,92,1
1022,19/03/2009,Atlanta Hawks,Dallas Mavericks,1,6,19,29,6,95,9,30,6,87,1
1023,20/03/2009,Denver Nuggets,Washington Wizards,7,30,24,40,4,116,27,33,4,105,1
1024,20/03/2009,New Orleans Hornets,Memphis Grizzlies,19,14,18,36,2,96,26,26,2,84,1
1025,20/03/2009,New Jersey Nets,Miami Heat,18,15,21,24,9,96,16,30,4,88,1
1026,20/03/2009,Indiana Pacers,Dallas Mavericks,11,6,12,22,12,92,19,30,5,94,0
1027,20/03/2009,San Antonio Spurs,Boston Celtics,27,2,9,28,4,77,9,31,3,80,0
1028,20/03/2009,Detroit Pistons,Los Angeles Clippers,8,12,15,39,5,108,15,30,5,90,1
1029,20/03/2009,New York Knicks,Sacramento Kings,20,26,18,29,6,94,22,42,5,121,0
1030,20/03/2009,Houston Rockets,Minnesota Timberwolves,10,17,14,30,11,107,14,28,6,88,1
1031,20/03/2009,Oklahoma City Thunder,Utah Jazz,21,29,11,34,5,94,18,40,1,101,0
1032,20/03/2009,Toronto Raptors,Charlotte Bobcats,28,3,24,25,5,89,11,35,7,102,0
1033,20/03/2009,Golden State Warriors,Philadelphia 76ers,9,23,14,39,9,119,31,34,4,111,1
1034,21/03/2009,Cleveland Cavaliers,Atlanta Hawks,5,1,20,32,6,102,21,24,9,96,1
1035,21/03/2009,Orlando Magic,New York Knicks,22,20,21,25,13,110,23,28,8,103,1
1036,21/03/2009,Chicago Bulls,Los Angeles Lakers,4,13,25,33,6,109,16,34,11,117,0
1037,21/03/2009,Memphis Grizzlies,Boston Celtics,14,2,16,28,5,87,16,34,7,105,0
1038,21/03/2009,Phoenix Suns,Washington Wizards,24,30,15,40,11,128,18,36,2,96,1
1039,21/03/2009,Charlotte Bobcats,Indiana Pacers,3,11,12,31,3,83,17,32,9,108,0
1040,21/03/2009,Milwaukee Bucks,Portland Trail Blazers,16,25,19,25,5,84,17,23,11,96,0
1041,22/03/2009,New Orleans Hornets,Golden State Warriors,19,9,17,35,4,99,21,28,4,89,1
1042,22/03/2009,Minnesota Timberwolves,Oklahoma City Thunder,17,21,15,27,7,90,19,33,4,97,0
1043,22/03/2009,Detroit Pistons,Miami Heat,8,15,24,33,2,96,26,30,5,101,0
1044,22/03/2009,New Jersey Nets,Cleveland Cavaliers,18,5,21,29,3,88,20,32,4,96,0
1045,22/03/2009,Toronto Raptors,Los Angeles Clippers,28,12,9,41,3,100,14,25,4,76,1
1046,22/03/2009,Sacramento Kings,Philadelphia 76ers,26,23,21,26,9,100,19,36,7,112,0
1047,22/03/2009,San Antonio Spurs,Houston Rockets,27,10,13,30,4,85,14,29,5,87,0
1048,23/03/2009,Boston Celtics,Los Angeles Clippers,2,12,13,28,7,90,10,26,5,77,1
1049,23/03/2009,Miami Heat,Memphis Grizzlies,15,14,12,32,6,94,20,28,2,82,1
1050,23/03/2009,New York Knicks,Orlando Magic,20,22,21,27,9,102,33,26,7,106,0
1051,23/03/2009,Washington Wizards,Chicago Bulls,30,4,18,27,9,99,20,33,5,101,0
1052,23/03/2009,Portland Trail Blazers,Philadelphia 76ers,25,23,16,31,10,108,35,35,3,114,0
1053,23/03/2009,Phoenix Suns,Denver Nuggets,24,7,34,33,6,118,29,28,10,115,1
1054,23/03/2009,Atlanta Hawks,Minnesota Timberwolves,1,17,8,37,9,109,20,22,11,97,1
1055,24/03/2009,Chicago Bulls,Detroit Pistons,4,8,20,32,5,99,9,38,2,91,1
1056,24/03/2009,Utah Jazz,Houston Rockets,29,10,19,34,4,99,12,22,10,86,1
1057,24/03/2009,San Antonio Spurs,Golden State Warriors,27,9,19,35,6,107,17,37,5,106,1
1058,24/03/2009,Oklahoma City Thunder,Los Angeles Lakers,21,13,18,31,3,89,16,38,5,107,0
1059,25/03/2009,Orlando Magic,Boston Celtics,22,2,14,20,10,84,12,29,4,82,1
1060,25/03/2009,Cleveland Cavaliers,New Jersey Nets,5,18,23,24,9,98,13,22,10,87,1
1061,25/03/2009,Washington Wizards,Charlotte Bobcats,30,3,11,33,6,95,19,31,4,93,1
1062,25/03/2009,Indiana Pacers,Miami Heat,11,15,15,30,5,90,23,28,3,88,1
1063,25/03/2009,Atlanta Hawks,San Antonio Spurs,1,27,13,29,7,92,15,36,5,102,0
1064,25/03/2009,Dallas Mavericks,Golden State Warriors,6,9,28,44,4,128,23,31,7,106,1
1065,25/03/2009,Toronto Raptors,Milwaukee Bucks,28,16,35,22,12,115,7,30,13,106,1
1066,25/03/2009,Philadelphia 76ers,Minnesota Timberwolves,23,17,34,25,4,96,20,16,12,88,1
1067,25/03/2009,New Orleans Hornets,Denver Nuggets,19,7,25,24,5,88,23,27,8,101,0
1068,25/03/2009,New York Knicks,Los Angeles Clippers,20,12,21,39,12,135,18,46,10,140,0
1069,25/03/2009,Phoenix Suns,Utah Jazz,24,29,22,39,6,118,16,31,12,114,1
1070,26/03/2009,Chicago Bulls,Miami Heat,4,15,16,33,8,106,16,31,3,87,1
1071,26/03/2009,Detroit Pistons,Los Angeles Lakers,8,13,14,27,3,77,16,29,6,92,0
1072,26/03/2009,Portland Trail Blazers,Phoenix Suns,25,24,20,41,9,129,9,41,6,109,1
1073,27/03/2009,Orlando Magic,Milwaukee Bucks,22,16,19,32,9,110,16,30,6,94,1
1074,27/03/2009,Cleveland Cavaliers,Minnesota Timberwolves,5,17,18,28,11,107,12,23,9,85,1
1075,27/03/2009,Sacramento Kings,Memphis Grizzlies,26,14,28,26,5,95,27,31,8,113,0
1076,27/03/2009,New York Knicks,New Orleans Hornets,20,19,15,26,12,103,13,31,6,93,1
1077,27/03/2009,Atlanta Hawks,Boston Celtics,1,2,16,28,7,93,16,28,9,99,0
1078,27/03/2009,San Antonio Spurs,Los Angeles Clippers,27,12,9,36,10,111,10,32,8,98,1
1079,27/03/2009,Dallas Mavericks,Denver Nuggets,6,7,30,22,9,101,12,35,7,103,0
1080,27/03/2009,Toronto Raptors,Oklahoma City Thunder,28,21,8,40,8,112,23,32,3,96,1
1081,27/03/2009,Philadelphia 76ers,Charlotte Bobcats,23,3,27,28,4,95,20,31,6,100,0
1082,27/03/2009,New Jersey Nets,Los Angeles Lakers,18,13,8,30,9,95,14,34,7,103,0
1083,28/03/2009,Denver Nuggets,Golden State Warriors,7,9,21,39,10,129,18,28,14,116,1
1084,28/03/2009,Chicago Bulls,Indiana Pacers,4,11,17,37,7,112,11,37,7,106,1
1085,28/03/2009,Miami Heat,Milwaukee Bucks,15,16,17,29,9,102,21,29,2,85,1
1086,28/03/2009,Washington Wizards,Detroit Pistons,30,8,21,30,5,96,14,27,10,98,0
1087,28/03/2009,Portland Trail Blazers,Memphis Grizzlies,25,14,18,28,4,86,10,28,0,66,1
1088,28/03/2009,Utah Jazz,Phoenix Suns,29,24,27,31,5,104,14,32,7,99,1
1089,28/03/2009,Charlotte Bobcats,New York Knicks,3,20,16,34,4,96,11,22,10,85,1
1090,28/03/2009,Houston Rockets,Los Angeles Clippers,10,12,15,34,9,110,15,33,4,93,1
1091,29/03/2009,Cleveland Cavaliers,Dallas Mavericks,5,6,15,33,7,102,11,24,5,74,1
1092,29/03/2009,Boston Celtics,Oklahoma City Thunder,2,21,17,31,8,103,23,29,1,84,1
1093,29/03/2009,Indiana Pacers,Washington Wizards,11,30,17,40,9,124,36,29,7,115,1
1094,29/03/2009,Detroit Pistons,Philadelphia 76ers,8,23,21,34,4,101,20,34,3,97,1
1095,29/03/2009,Toronto Raptors,Chicago Bulls,28,4,28,44,6,134,19,46,6,129,1
1096,29/03/2009,Sacramento Kings,Phoenix Suns,26,24,21,42,7,126,16,36,10,118,1
1097,29/03/2009,New Orleans Hornets,San Antonio Spurs,19,27,32,23,4,90,17,24,7,86,1
1098,29/03/2009,Minnesota Timberwolves,New Jersey Nets,17,18,24,27,10,108,22,28,7,99,1
1099,29/03/2009,Atlanta Hawks,Los Angeles Lakers,1,13,10,23,10,86,16,24,4,76,1
1100,30/03/2009,Miami Heat,Orlando Magic,15,22,13,35,4,95,21,25,10,101,0
1101,30/03/2009,Golden State Warriors,Memphis Grizzlies,9,14,20,31,9,109,29,35,5,114,0
1102,30/03/2009,Utah Jazz,New York Knicks,29,20,23,37,5,112,25,29,7,104,1
1103,30/03/2009,New Jersey Nets,Milwaukee Bucks,18,16,23,23,3,78,19,29,10,107,0
1104,31/03/2009,Denver Nuggets,New York Knicks,7,20,10,37,9,111,22,32,6,104,1
1105,31/03/2009,Cleveland Cavaliers,Detroit Pistons,5,8,12,29,3,79,11,25,4,73,1
1106,31/03/2009,San Antonio Spurs,Oklahoma City Thunder,27,21,11,30,8,95,17,32,5,96,0
1107,31/03/2009,Indiana Pacers,Chicago Bulls,11,4,17,36,6,107,18,39,3,105,1
1108,31/03/2009,Charlotte Bobcats,Los Angeles Lakers,3,13,17,28,7,94,4,34,4,84,1
1109,31/03/2009,Sacramento Kings,New Orleans Hornets,26,19,22,23,14,110,18,39,5,111,0
1110,31/03/2009,Minnesota Timberwolves,Dallas Mavericks,17,6,18,29,4,88,8,38,8,108,0
1111,31/03/2009,Philadelphia 76ers,Atlanta Hawks,23,1,22,35,2,98,21,23,6,85,1
1112,31/03/2009,Portland Trail Blazers,Utah Jazz,25,29,21,37,10,125,25,32,5,104,1
1113,01/04/2009,Orlando Magic,Toronto Raptors,22,28,26,24,7,95,13,37,4,99,0
1114,01/04/2009,Boston Celtics,Charlotte Bobcats,2,3,18,30,11,111,5,37,10,109,1
1115,01/04/2009,Dallas Mavericks,Miami Heat,6,15,23,24,9,98,25,25,7,96,1
1116,01/04/2009,New Jersey Nets,Detroit Pistons,18,8,23,32,8,111,18,31,6,98,1
1117,01/04/2009,Los Angeles Clippers,New Orleans Hornets,12,19,11,27,11,98,15,40,3,104,0
1118,01/04/2009,Milwaukee Bucks,Los Angeles Lakers,16,13,7,35,7,98,31,29,5,104,0
1119,01/04/2009,Memphis Grizzlies,Washington Wizards,14,30,28,30,8,112,22,35,5,107,1
1120,01/04/2009,Golden State Warriors,Sacramento Kings,9,26,32,51,3,143,43,31,12,141,1
1121,01/04/2009,Phoenix Suns,Houston Rockets,24,10,20,38,6,114,11,31,12,109,1
1122,02/04/2009,Denver Nuggets,Utah Jazz,7,29,35,26,9,114,30,28,6,104,1
1123,02/04/2009,Philadelphia 76ers,Milwaukee Bucks,23,16,32,32,3,105,21,31,4,95,1
1124,02/04/2009,Washington Wizards,Cleveland Cavaliers,30,5,26,40,1,109,12,28,11,101,1
1125,03/04/2009,Boston Celtics,Atlanta Hawks,2,1,18,34,6,104,24,25,6,92,1
1126,03/04/2009,Orlando Magic,Cleveland Cavaliers,22,5,15,31,13,116,16,22,9,87,1
1127,03/04/2009,Los Angeles Lakers,Houston Rockets,13,10,18,27,7,93,14,26,5,81,1
1128,03/04/2009,Golden State Warriors,New Orleans Hornets,9,19,29,26,10,111,17,34,6,103,1
1129,03/04/2009,Utah Jazz,Minnesota Timberwolves,29,17,25,31,5,102,12,29,11,103,0
1130,03/04/2009,Indiana Pacers,San Antonio Spurs,11,27,14,40,9,121,27,36,9,126,0
1131,03/04/2009,Charlotte Bobcats,Miami Heat,3,15,8,33,6,92,15,29,8,97,0
1132,03/04/2009,Oklahoma City Thunder,Portland Trail Blazers,21,25,16,25,2,72,14,36,7,107,0
1133,03/04/2009,Memphis Grizzlies,Dallas Mavericks,14,6,15,34,8,107,19,31,7,102,1
1134,03/04/2009,Phoenix Suns,Sacramento Kings,24,26,21,38,14,139,25,28,10,111,1
1135,04/04/2009,Chicago Bulls,New Jersey Nets,4,18,32,25,7,103,22,27,6,94,1
1136,04/04/2009,Denver Nuggets,Los Angeles Clippers,7,12,23,32,11,120,17,30,9,104,1
1137,04/04/2009,Milwaukee Bucks,Memphis Grizzlies,16,14,15,27,11,102,28,23,11,107,0
1138,04/04/2009,Washington Wizards,Miami Heat,30,15,23,33,5,104,18,29,14,118,0
1139,04/04/2009,New York Knicks,Toronto Raptors,20,28,17,33,4,95,17,29,9,102,0
1140,04/04/2009,Atlanta Hawks,Orlando Magic,1,22,19,27,3,82,19,21,9,88,0
1141,04/04/2009,Philadelphia 76ers,Detroit Pistons,23,8,21,34,2,95,22,22,8,90,1
1142,05/04/2009,Cleveland Cavaliers,San Antonio Spurs,5,27,15,31,8,101,15,27,4,81,1
1143,05/04/2009,Los Angeles Lakers,Los Angeles Clippers,13,12,17,28,5,88,20,25,5,85,1
1144,05/04/2009,Toronto Raptors,New York Knicks,28,20,13,39,4,103,9,32,13,112,0
1145,05/04/2009,Sacramento Kings,Golden State Warriors,26,9,21,29,7,100,28,25,9,105,0
1146,05/04/2009,Oklahoma City Thunder,Indiana Pacers,21,11,18,39,1,99,21,36,8,117,0
1147,05/04/2009,New Orleans Hornets,Utah Jazz,19,29,13,33,5,94,15,42,3,108,0
1148,05/04/2009,Detroit Pistons,Charlotte Bobcats,8,3,22,32,6,104,25,27,6,97,1
1149,05/04/2009,Dallas Mavericks,Phoenix Suns,6,24,23,36,15,140,30,34,6,116,1
1150,05/04/2009,Minnesota Timberwolves,Denver Nuggets,17,7,9,30,6,87,20,30,10,110,0
1151,05/04/2009,Houston Rockets,Portland Trail Blazers,10,25,22,31,6,102,16,27,6,88,1
1152,05/04/2009,New Jersey Nets,Philadelphia 76ers,18,23,13,25,11,96,9,23,4,67,1
1153,07/04/2009,Chicago Bulls,New York Knicks,4,20,25,32,7,110,8,28,13,103,1
1154,07/04/2009,Miami Heat,New Orleans Hornets,15,19,18,24,7,87,13,31,6,93,0
1155,07/04/2009,Toronto Raptors,Atlanta Hawks,28,1,18,37,6,110,23,31,11,118,0
1156,07/04/2009,Sacramento Kings,Los Angeles Lakers,26,13,13,35,7,104,22,41,6,122,0
1157,07/04/2009,Oklahoma City Thunder,San Antonio Spurs,21,27,15,28,6,89,15,33,6,99,0
1158,07/04/2009,Charlotte Bobcats,Philadelphia 76ers,3,23,25,26,8,101,21,28,7,98,1
1159,07/04/2009,Los Angeles Clippers,Minnesota Timberwolves,12,17,10,20,9,77,7,34,4,87,0
1160,07/04/2009,Memphis Grizzlies,Portland Trail Blazers,14,25,12,27,9,93,20,29,6,96,0
1161,07/04/2009,Houston Rockets,Orlando Magic,10,22,15,30,6,93,13,20,10,83,1
1162,08/04/2009,Cleveland Cavaliers,Washington Wizards,5,30,17,33,5,98,20,27,4,86,1
1163,08/04/2009,Denver Nuggets,Oklahoma City Thunder,7,21,30,37,6,122,25,36,5,112,1
1164,08/04/2009,Boston Celtics,New Jersey Nets,2,18,19,36,5,106,18,28,10,104,1
1165,08/04/2009,Orlando Magic,Memphis Grizzlies,22,14,15,27,4,81,19,28,1,78,1
1166,08/04/2009,Indiana Pacers,Toronto Raptors,11,28,26,46,4,130,22,35,3,101,1
1167,08/04/2009,Golden State Warriors,Minnesota Timberwolves,9,17,12,29,9,97,25,31,6,105,0
1168,08/04/2009,San Antonio Spurs,Portland Trail Blazers,27,25,8,30,5,83,11,33,6,95,0
1169,08/04/2009,Milwaukee Bucks,Atlanta Hawks,16,1,21,30,8,105,34,26,9,113,0
1170,08/04/2009,New York Knicks,Detroit Pistons,20,8,13,23,9,86,8,42,7,113,0
1171,08/04/2009,Dallas Mavericks,Utah Jazz,6,29,29,34,11,130,27,28,6,101,1
1172,08/04/2009,New Orleans Hornets,Phoenix Suns,19,24,9,35,7,100,25,31,6,105,0
1173,09/04/2009,Los Angeles Lakers,Denver Nuggets,13,7,37,32,5,116,25,31,5,102,1
1174,09/04/2009,Chicago Bulls,Philadelphia 76ers,4,23,19,35,8,113,16,31,7,99,1
1175,09/04/2009,Sacramento Kings,Houston Rockets,26,10,14,27,10,98,10,36,11,115,0
1176,10/04/2009,San Antonio Spurs,Utah Jazz,27,29,27,27,8,105,25,31,4,99,1
1177,10/04/2009,Los Angeles Clippers,Sacramento Kings,12,26,10,42,5,109,12,27,4,78,1
1178,10/04/2009,Orlando Magic,New York Knicks,22,20,18,28,7,95,17,32,8,105,0
1179,10/04/2009,Detroit Pistons,New Jersey Nets,8,18,18,32,6,100,11,26,10,93,1
1180,10/04/2009,Atlanta Hawks,Indiana Pacers,1,11,34,32,8,122,24,32,10,118,1
1181,10/04/2009,Toronto Raptors,Washington Wizards,28,30,14,30,8,98,13,39,3,100,0
1182,10/04/2009,Memphis Grizzlies,Phoenix Suns,14,24,13,33,9,106,12,34,3,89,1
1183,10/04/2009,Oklahoma City Thunder,Charlotte Bobcats,21,3,9,36,1,84,16,22,7,81,1
1184,10/04/2009,Boston Celtics,Miami Heat,2,15,20,29,9,105,14,33,6,98,1
1185,10/04/2009,Golden State Warriors,Houston Rockets,9,10,31,30,6,109,26,33,7,113,0
1186,10/04/2009,Dallas Mavericks,New Orleans Hornets,6,19,27,29,5,100,22,26,6,92,1
1187,10/04/2009,Philadelphia 76ers,Cleveland Cavaliers,23,5,24,31,2,92,16,25,12,102,0
1188,10/04/2009,Portland Trail Blazers,Los Angeles Lakers,25,13,27,26,9,106,15,31,7,98,1
1189,11/04/2009,Chicago Bulls,Charlotte Bobcats,4,3,22,29,11,113,21,29,9,106,1
1190,11/04/2009,New Jersey Nets,Orlando Magic,18,22,16,27,11,103,16,28,7,93,1
1191,11/04/2009,Utah Jazz,Golden State Warriors,29,9,29,32,5,108,29,31,9,118,0
1192,11/04/2009,Milwaukee Bucks,Oklahoma City Thunder,16,21,20,34,9,115,19,29,7,98,1
1193,11/04/2009,Indiana Pacers,Detroit Pistons,11,8,17,31,9,106,23,32,5,102,1
1194,11/04/2009,Minnesota Timberwolves,Phoenix Suns,17,24,15,29,8,97,22,32,8,110,0
1195,11/04/2009,Los Angeles Clippers,Portland Trail Blazers,12,25,10,28,2,72,19,28,4,87,0
1196,12/04/2009,Cleveland Cavaliers,Boston Celtics,5,2,21,28,10,107,13,24,5,76,1
1197,12/04/2009,Los Angeles Lakers,Memphis Grizzlies,13,14,13,35,3,92,15,18,8,75,1
1198,12/04/2009,Toronto Raptors,Philadelphia 76ers,28,23,23,38,4,111,30,28,6,104,1
1199,12/04/2009,New Orleans Hornets,Dallas Mavericks,19,6,15,33,7,102,12,31,6,92,1
1200,12/04/2009,Miami Heat,New York Knicks,15,20,17,30,15,122,19,31,8,105,1
1201,12/04/2009,Sacramento Kings,San Antonio Spurs,26,27,16,26,8,92,16,26,9,95,0
1202,13/04/2009,Denver Nuggets,Sacramento Kings,7,26,27,26,13,118,9,31,9,98,1
1203,13/04/2009,Houston Rockets,New Orleans Hornets,10,19,13,29,5,86,6,24,4,66,1
1204,13/04/2009,New Jersey Nets,Charlotte Bobcats,18,3,20,22,9,91,21,33,0,87,1
1205,13/04/2009,Washington Wizards,Toronto Raptors,30,28,19,34,3,96,15,35,4,97,0
1206,13/04/2009,Portland Trail Blazers,Oklahoma City Thunder,25,21,17,39,6,113,15,31,2,83,1
1207,13/04/2009,Indiana Pacers,Cleveland Cavaliers,11,5,23,31,8,109,29,32,8,117,0
1208,13/04/2009,Phoenix Suns,Memphis Grizzlies,24,14,26,39,5,119,25,35,5,110,1
1209,13/04/2009,Dallas Mavericks,Minnesota Timberwolves,6,17,24,24,8,96,10,27,10,94,1
1210,13/04/2009,Milwaukee Bucks,Orlando Magic,16,22,20,27,8,98,22,26,2,80,1
1211,13/04/2009,Utah Jazz,Los Angeles Clippers,29,12,32,31,4,106,10,30,5,85,1
1212,13/04/2009,Detroit Pistons,Chicago Bulls,8,4,16,30,4,88,14,31,5,91,0
1213,13/04/2009,Golden State Warriors,San Antonio Spurs,9,27,14,26,2,72,19,29,8,101,0
1214,14/04/2009,Los Angeles Lakers,Utah Jazz,13,29,21,40,8,125,35,34,3,112,1
1215,14/04/2009,Atlanta Hawks,Miami Heat,1,15,17,26,4,81,8,22,9,79,1
1216,14/04/2009,Philadelphia 76ers,Boston Celtics,23,2,19,35,3,98,9,32,9,100,0
1217,15/04/2009,Boston Celtics,Washington Wizards,2,30,15,35,10,115,24,31,7,107,1
1218,15/04/2009,Orlando Magic,Charlotte Bobcats,22,3,14,27,10,98,23,22,2,73,1
1219,15/04/2009,Cleveland Cavaliers,Philadelphia 76ers,5,23,8,36,10,110,32,35,3,111,0
1220,15/04/2009,Chicago Bulls,Toronto Raptors,4,28,17,36,3,98,17,40,4,109,0
1221,15/04/2009,Miami Heat,Detroit Pistons,15,8,12,27,12,102,22,34,2,96,1
1222,15/04/2009,Indiana Pacers,Milwaukee Bucks,11,16,25,27,12,115,13,37,7,108,1
1223,15/04/2009,Portland Trail Blazers,Denver Nuggets,25,7,13,26,13,104,15,23,5,76,1
1224,15/04/2009,Dallas Mavericks,Houston Rockets,6,10,15,31,6,95,14,29,4,84,1
1225,15/04/2009,Phoenix Suns,Golden State Warriors,24,9,30,33,7,117,22,38,5,113,1
1226,15/04/2009,New York Knicks,New Jersey Nets,20,18,19,31,7,102,17,22,4,73,1
1227,15/04/2009,Minnesota Timberwolves,Sacramento Kings,17,26,19,25,7,90,22,27,7,97,0
1228,15/04/2009,Los Angeles Clippers,Oklahoma City Thunder,12,21,10,30,5,85,26,44,4,126,0
1229,15/04/2009,San Antonio Spurs,New Orleans Hornets,27,19,15,36,6,105,14,33,6,98,1
1230,15/04/2009,Memphis Grizzlies,Atlanta Hawks,14,1,21,34,3,98,18,27,6,90,1